,Product-ID,Base-Name,Price,Price Percentage Change 24h,Base Currency ID,Quote Currency ID
418,ALEPH-USDC,Aleph Cloud,0.0764,15.93323216995448,ALEPH,USDC
417,ALEPH-USD,Aleph Cloud,0.0764,15.93323216995448,ALEPH,USD
188,PNG-USDC,Pangolin,0.1986,12.59780020410477,PNG,USDC
187,PNG-USD,Pangolin,0.1986,12.59780020410477,PNG,USD
54,ZORA-USDC,Zora,0.01118,12.24899598393574,ZORA,USDC
55,ZORA-USD,Zora,0.01118,12.24899598393574,ZORA,USD
642,MASK-GBP,Mask Network,1.384,11.97411003236246,MASK,GBP
609,MASK-EUR,Mask Network,1.63,11.64383561643836,MASK,EUR
662,MASK-USDT,Mask Network,1.86,11.37724550898204,MASK,USDT
589,QNT-USDT,Quant,105.07,11.23226762650858,QNT,USDT
155,MASK-USDC,Mask Network,1.85,10.77844311377246,MASK,USDC
156,MASK-USD,Mask Network,1.85,10.77844311377246,MASK,USD
84,QNT-USD,Quant,105.3,10.72555205047319,QNT,USD
85,QNT-USDC,Quant,105.3,10.72555205047319,QNT,USDC
146,OCEAN-USDC,Ocean Protocol,0.3977,9.01864035087719,OCEAN,USDC
145,OCEAN-USD,Ocean Protocol,0.3977,9.01864035087719,OCEAN,USD
50,TOSHI-USDC,Toshi,0.0007249,8.2424966402867,TOSHI,USDC
49,TOSHI-USD,Toshi,0.0007249,8.2424966402867,TOSHI,USD
189,ATH-USDC,Aethir,0.05313,7.63776337115073,ATH,USDC
190,ATH-USD,Aethir,0.05313,7.63776337115073,ATH,USD
111,KAITO-USDC,Kaito,2.0345,6.45701428496677,KAITO,USDC
112,KAITO-USD,Kaito,2.0345,6.45701428496677,KAITO,USD
233,SYN-USD,Synapse,0.233,5.42986425339367,SYN,USD
234,SYN-USDC,Synapse,0.233,5.42986425339367,SYN,USDC
561,INV-USD,Inverse Finance,28.56,5.19337016574586,INV,USD
562,INV-USDC,Inverse Finance,28.56,5.19337016574586,INV,USDC
255,TRAC-USD,OriginTrail,0.4791,4.92772667542707,TRAC,USD
256,TRAC-USDC,OriginTrail,0.4791,4.92772667542707,TRAC,USDC
36,UNI-USD,Uniswap,6.455,4.67001783687368,UNI,USD
37,UNI-USDC,Uniswap,6.455,4.67001783687368,UNI,USDC
224,UNI-GBP,Uniswap,4.77,4.60526315789474,UNI,GBP
257,UNI-EUR,Uniswap,5.67,4.41988950276243,UNI,EUR
699,UNI-BTC,Uniswap,0.0000591,4.41696113074205,UNI,BTC
293,RONIN-USD,Ronin,0.695,4.19790104947526,RONIN,USD
294,RONIN-USDC,Ronin,0.695,4.19790104947526,RONIN,USDC
206,SAFE-USDC,Safe,0.5628,3.95271518285925,SAFE,USDC
205,SAFE-USD,Safe,0.5628,3.95271518285925,SAFE,USD
241,HONEY-USDC,Hivemapper,0.0278,3.73134328358209,HONEY,USDC
242,HONEY-USD,Hivemapper,0.0278,3.73134328358209,HONEY,USD
150,TRB-USD,Tellor,32.94,3.45477386934673,TRB,USD
149,TRB-USDC,Tellor,32.94,3.45477386934673,TRB,USDC
81,INJ-USDC,Injective,13.485,3.27793520716857,INJ,USDC
82,INJ-USD,Injective,13.485,3.27793520716857,INJ,USD
173,PRIME-USD,Echelon Prime,3.381,3.26817348808797,PRIME,USD
174,PRIME-USDC,Echelon Prime,3.381,3.26817348808797,PRIME,USDC
409,L3-USD,Layer3,0.05143,3.16950852557673,L3,USD
408,L3-USDC,Layer3,0.05143,3.16950852557673,L3,USDC
118,FET-USDT,Artificial Superintelligence Alliance,0.8677,2.9300118623962,FET,USDT
628,INDEX-USDC,Index Cooperative,1.41,2.91970802919708,INDEX,USDC
629,INDEX-USD,Index Cooperative,1.41,2.91970802919708,INDEX,USD
475,AURORA-USD,Aurora,0.0922,2.90178571428571,AURORA,USD
476,AURORA-USDC,Aurora,0.0922,2.90178571428571,AURORA,USDC
22,FET-USDC,Artificial Superintelligence Alliance,0.8679,2.8561270443233,FET,USDC
23,FET-USD,Artificial Superintelligence Alliance,0.8679,2.8561270443233,FET,USD
184,WELL-USDC,Moonwell,0.032901,2.83490654497718,WELL,USDC
183,WELL-USD,Moonwell,0.032901,2.83490654497718,WELL,USD
614,OP-USDT,Optimism,0.763,2.83018867924528,OP,USDT
140,KEYCAT-USD,Keyboard Cat,0.005668,2.62538475466232,KEYCAT,USD
141,KEYCAT-USDC,Keyboard Cat,0.005668,2.62538475466232,KEYCAT,USDC
463,BADGER-USDC,Badger DAO,1.22,2.52100840336134,BADGER,USDC
462,BADGER-USD,Badger DAO,1.22,2.52100840336134,BADGER,USD
496,AST-USDC,AirSwap,0.0448,2.51716247139588,AST,USDC
495,AST-USD,AirSwap,0.0448,2.51716247139588,AST,USD
137,DOGINME-USDC,doginme,0.00079,2.46433203631647,DOGINME,USDC
136,DOGINME-USD,doginme,0.00079,2.46433203631647,DOGINME,USD
365,CLANKER-USDC,tokenbot,31.05,2.34014502307185,CLANKER,USDC
364,CLANKER-USD,tokenbot,31.05,2.34014502307185,CLANKER,USD
406,KARRAT-USD,Karrat,0.0622,2.30263157894737,KARRAT,USD
407,KARRAT-USDC,Karrat,0.0622,2.30263157894737,KARRAT,USDC
164,OP-USD,Optimism,0.759,2.2911051212938,OP,USD
163,OP-USDC,Optimism,0.759,2.2911051212938,OP,USDC
318,CVX-USDC,Convex Finance,3.211,2.16353802099905,CVX,USDC
317,CVX-USD,Convex Finance,3.211,2.16353802099905,CVX,USD
621,ROSE-USDT,Oasis Network,0.0331,2.16049382716049,ROSE,USDT
410,SEAM-USD,Seamless,0.4791,2.08821649264863,SEAM,USD
411,SEAM-USDC,Seamless,0.4791,2.08821649264863,SEAM,USDC
546,DNT-USD,district0x,0.0303,2.02020202020202,DNT,USD
545,DNT-USDC,district0x,0.0303,2.02020202020202,DNT,USDC
356,HFT-USD,Hashflow,0.0726,1.96629213483146,HFT,USD
357,HFT-USDC,Hashflow,0.0726,1.96629213483146,HFT,USDC
315,VELO-USD,Velodrome Finance,0.05878,1.83645183645184,VELO,USD
316,VELO-USDC,Velodrome Finance,0.05878,1.83645183645184,VELO,USDC
355,MATH-USD,MATH,0.1335,1.83066361556064,MATH,USD
354,MATH-USDC,MATH,0.1335,1.83066361556064,MATH,USDC
243,ROSE-USD,Oasis Network,0.03299,1.82098765432099,ROSE,USD
244,ROSE-USDC,Oasis Network,0.03299,1.82098765432099,ROSE,USDC
290,SD-USD,Stader,0.5446,1.81342306973266,SD,USD
289,SD-USDC,Stader,0.5446,1.81342306973266,SD,USDC
311,GFI-USD,Goldfinch Protocol,0.88,1.79294389820706,GFI,USD
312,GFI-USDC,Goldfinch Protocol,0.88,1.79294389820706,GFI,USDC
534,1INCH-USD,1inch,0.23,1.76991150442478,1INCH,USD
533,1INCH-USDC,1inch,0.23,1.76991150442478,1INCH,USDC
252,EIGEN-USDC,EigenLayer,1.439,1.55257586450247,EIGEN,USDC
251,EIGEN-USD,EigenLayer,1.439,1.55257586450247,EIGEN,USD
494,APE-USDT,ApeCoin,0.657,1.54559505409583,APE,USDT
449,OXT-USDC,Orchid,0.0625,1.46103896103896,OXT,USDC
448,OXT-USD,Orchid,0.0625,1.46103896103896,OXT,USD
440,FAI-USD,Freysa,0.01973,1.43958868894602,FAI,USD
441,FAI-USDC,Freysa,0.01973,1.43958868894602,FAI,USDC
63,DEGEN-USDC,Degen,0.00555,1.42543859649123,DEGEN,USDC
64,DEGEN-USD,Degen,0.00555,1.42543859649123,DEGEN,USD
194,LDO-USD,Lido DAO Token,0.887,1.37142857142857,LDO,USD
193,LDO-USDC,Lido DAO Token,0.887,1.37142857142857,LDO,USDC
588,STG-USDC,Stargate Finance,0.1949,1.2993762993763,STG,USDC
587,STG-USD,Stargate Finance,0.1949,1.2993762993763,STG,USD
396,WCFG-USD,Wrapped Centrifuge,0.236,1.28755364806867,WCFG,USD
397,WCFG-USDC,Wrapped Centrifuge,0.236,1.28755364806867,WCFG,USDC
393,LCX-USDC,LCX,0.136,1.26582278481013,LCX,USDC
392,LCX-USD,LCX,0.136,1.26582278481013,LCX,USD
268,SKL-USDC,SKALE,0.0241,1.26050420168067,SKL,USDC
267,SKL-USD,SKALE,0.0241,1.26050420168067,SKL,USD
375,LRDS-USDC,Blocklords,0.1705,1.24703087885986,LRDS,USDC
374,LRDS-USD,Blocklords,0.1705,1.24703087885986,LRDS,USD
529,SHPING-USD,SHPING,0.006436,1.21088221418462,SHPING,USD
530,SHPING-USDC,SHPING,0.006436,1.21088221418462,SHPING,USDC
398,OMNI-USDC,Omni Network,2.712,1.19402985074627,OMNI,USDC
399,OMNI-USD,Omni Network,2.712,1.19402985074627,OMNI,USD
652,RBN-USDC,Ribbon Finance,0.1478,1.17743702081051,RBN,USDC
653,RBN-USD,Ribbon Finance,0.1478,1.17743702081051,RBN,USD
631,BTRST-USDC,Braintrust,0.269,1.12781954887218,BTRST,USDC
630,BTRST-USD,Braintrust,0.269,1.12781954887218,BTRST,USD
423,CLV-USDC,Clover Finance,0.0276,1.0989010989011,CLV,USDC
422,CLV-USD,Clover Finance,0.0276,1.0989010989011,CLV,USD
259,APE-USD,ApeCoin,0.655,1.08024691358025,APE,USD
258,APE-USDC,ApeCoin,0.655,1.08024691358025,APE,USDC
92,TIA-USDC,Celestia,2.592,1.05263157894737,TIA,USDC
91,TIA-USD,Celestia,2.592,1.05263157894737,TIA,USD
468,ASM-USD,Assemble AI,0.02304,1.05263157894737,ASM,USD
469,ASM-USDC,Assemble AI,0.02304,1.05263157894737,ASM,USDC
596,C98-USDC,Coin98,0.0593,1.0221465076661,C98,USDC
597,C98-USD,Coin98,0.0593,1.0221465076661,C98,USD
27,WIF-USDC,dogwifhat,1.116,0.99547511312217,WIF,USDC
26,WIF-USD,dogwifhat,1.116,0.99547511312217,WIF,USD
601,MLN-USDC,Enzyme,8.23,0.98159509202454,MLN,USDC
600,MLN-USD,Enzyme,8.23,0.98159509202454,MLN,USD
262,BOBA-USD,Boba Network,0.1,0.90817356205853,BOBA,USD
263,BOBA-USDC,Boba Network,0.1,0.90817356205853,BOBA,USDC
436,VARA-USD,Vara,0.0067,0.90361445783133,VARA,USD
437,VARA-USDC,Vara,0.0067,0.90361445783133,VARA,USDC
599,APE-EUR,ApeCoin,0.575,0.87719298245614,APE,EUR
550,HOPR-USD,HOPR,0.049,0.82304526748971,HOPR,USD
549,HOPR-USDC,HOPR,0.049,0.82304526748971,HOPR,USDC
670,LSETH-USDC,Liquid Staked ETH,2772.13,0.81315891874593,LSETH,USDC
669,LSETH-USD,Liquid Staked ETH,2772.13,0.81315891874593,LSETH,USD
11,PEPE-USD,Pepe,0.00001378,0.8046817849305,PEPE,USD
12,PEPE-USDC,Pepe,0.00001378,0.8046817849305,PEPE,USDC
371,NEON-USDC,Neon EVM,0.13686,0.80282831258746,NEON,USDC
370,NEON-USD,Neon EVM,0.13686,0.80282831258746,NEON,USD
338,API3-USDC,Api3,0.781,0.7741935483871,API3,USDC
339,API3-USD,Api3,0.781,0.7741935483871,API3,USD
648,APT-USDT,Aptos,5.3,0.76045627376426,APT,USDT
280,BAL-USDC,Balancer,1.1638,0.74445983379501,BAL,USDC
281,BAL-USD,Balancer,1.1638,0.74445983379501,BAL,USD
405,RED-USDC,Redstone,0.4158,0.67796610169492,RED,USDC
404,RED-USD,Redstone,0.4158,0.67796610169492,RED,USD
360,SNX-USDC,Synthetix Network Token,0.767,0.65616797900262,SNX,USDC
361,SNX-USD,Synthetix Network Token,0.767,0.65616797900262,SNX,USD
351,DIMO-USD,DIMO,0.06474,0.65298507462687,DIMO,USD
350,DIMO-USDC,DIMO,0.06474,0.65298507462687,DIMO,USDC
501,MNDE-USDC,Marinade,0.131,0.63762771760006,MNDE,USDC
502,MNDE-USD,Marinade,0.131,0.63762771760006,MNDE,USD
134,SUPER-USD,SuperVerse,0.79855,0.63388446415969,SUPER,USD
135,SUPER-USDC,SuperVerse,0.79855,0.63388446415969,SUPER,USDC
575,GRT-GBP,The Graph,0.081,0.62111801242236,GRT,GBP
672,1INCH-GBP,1inch,0.168,0.59880239520958,1INCH,GBP
522,FORTH-USDC,Ampleforth Governance Token,2.4834,0.59138042773817,FORTH,USDC
523,FORTH-USD,Ampleforth Governance Token,2.4834,0.59138042773817,FORTH,USD
284,ORCA-USDC,Orca,2.7321,0.57426836002209,ORCA,USDC
285,ORCA-USD,Orca,2.7321,0.57426836002209,ORCA,USD
665,DEXT-USDC,DEXTools,0.307,0.55682934818212,DEXT,USDC
666,DEXT-USD,DEXTools,0.307,0.55682934818212,DEXT,USD
627,ATOM-USDT,Cosmos,4.817,0.54268419954081,ATOM,USDT
507,IOTX-USD,IoTeX,0.02666,0.52790346907994,IOTX,USD
508,IOTX-USDC,IoTeX,0.02666,0.52790346907994,IOTX,USDC
491,POLS-USD,Polkastarter,0.2298,0.5249343832021,POLS,USD
490,POLS-USDC,Polkastarter,0.2298,0.5249343832021,POLS,USDC
659,CRO-USDT,Cronos,0.097,0.51813471502591,CRO,USDT
663,1INCH-EUR,1inch,0.2,0.50251256281407,1INCH,EUR
379,MAGIC-USD,MAGIC,0.1614,0.49813200498132,MAGIC,USD
378,MAGIC-USDC,MAGIC,0.1614,0.49813200498132,MAGIC,USDC
698,DOGE-BTC,Dogecoin,0.00000207,0.48543689320388,DOGE,BTC
531,ACS-USD,Access,0.0013894,0.45549851782228,ACS,USD
532,ACS-USDC,Access,0.0013894,0.45549851782228,ACS,USDC
16,DOGE-USDC,Dogecoin,0.22559,0.45420136260409,DOGE,USDC
15,DOGE-USD,Dogecoin,0.22559,0.45420136260409,DOGE,USD
635,IDEX-USD,IDEX,0.0249,0.40322580645161,IDEX,USD
636,IDEX-USDC,IDEX,0.0249,0.40322580645161,IDEX,USDC
713,YFI-BTC,yearn.finance,0.0511,0.39292730844794,YFI,BTC
413,LPT-USDC,Livepeer,5.45,0.3683241252302,LPT,USDC
412,LPT-USD,Livepeer,5.45,0.3683241252302,LPT,USD
199,DOGE-USDT,Dogecoin,0.2253,0.35634743875278,DOGE,USDT
212,DOGE-EUR,Dogecoin,0.1981,0.35460992907801,DOGE,EUR
420,EGLD-USD,MultiversX,17.86,0.33707865168539,EGLD,USD
419,EGLD-USDC,MultiversX,17.86,0.33707865168539,EGLD,USDC
3,ETH-USD,Ethereum,2561.51,0.3317613511735,ETH,USD
2,ETH-USDC,Ethereum,2561.51,0.3317613511735,ETH,USDC
246,ETHFI-USD,ether.fi,1.232,0.3257328990228,ETHFI,USD
245,ETHFI-USDC,ether.fi,1.232,0.3257328990228,ETHFI,USDC
180,ETH-DAI,Ethereum,2561.19,0.29958410676943,ETH,DAI
278,ZRX-USD,0x Protocol,0.259686,0.28422475381348,ZRX,USD
279,ZRX-USDC,0x Protocol,0.259686,0.28422475381348,ZRX,USDC
87,VOXEL-USDC,Voxies,0.072,0.27855153203343,VOXEL,USDC
88,VOXEL-USD,Voxies,0.072,0.27855153203343,VOXEL,USD
46,ETH-USDT,Ethereum,2559.06,0.26289497913687,ETH,USDT
590,CHZ-EUR,Chiliz,0.0382,0.26246719160105,CHZ,EUR
171,AIOZ-USD,AIOZ Network,0.4321,0.25522041763341,AIOZ,USD
172,AIOZ-USDC,AIOZ Network,0.4321,0.25522041763341,AIOZ,USDC
178,CBETH-USD,Coinbase Wrapped Staked ETH,2813.83,0.25260622644064,CBETH,USD
179,CBETH-USDC,Coinbase Wrapped Staked ETH,2813.83,0.25260622644064,CBETH,USDC
154,SWFTC-USDC,SwftCoin,0.014117,0.24854424087488,SWFTC,USDC
153,SWFTC-USD,SwftCoin,0.014117,0.24854424087488,SWFTC,USD
380,ILV-USD,Illuvium,13.99,0.21489971346705,ILV,USD
381,ILV-USDC,Illuvium,13.99,0.21489971346705,ILV,USDC
261,CRO-USD,Cronos,0.0967,0.20725388601036,CRO,USD
260,CRO-USDC,Cronos,0.0967,0.20725388601036,CRO,USDC
89,EURC-USDC,EURC,1.1393,0.19347462844077,EURC,USDC
277,DOGE-GBP,Dogecoin,0.1661,0.18094089264174,DOGE,GBP
211,PRO-USDC,Propy,1.0712,0.16831868337385,PRO,USDC
210,PRO-USD,Propy,1.0712,0.16831868337385,PRO,USD
566,KNC-USD,Kyber Network,0.3612,0.16638935108153,KNC,USD
565,KNC-USDC,Kyber Network,0.3612,0.16638935108153,KNC,USDC
389,DIA-USD,DIA,0.46202,0.16476607553224,DIA,USD
388,DIA-USDC,DIA,0.46202,0.16476607553224,DIA,USDC
222,RARE-USDC,SuperRare,0.0618,0.16207455429498,RARE,USDC
223,RARE-USD,SuperRare,0.0618,0.16207455429498,RARE,USD
692,PAX-USDC,Paxos Standard,0.9993,0.16036884835121,PAX,USDC
691,PAX-USD,Paxos Standard,0.9993,0.16036884835121,PAX,USD
60,ETH-EUR,Ethereum,2248.59,0.1585724912362,ETH,EUR
559,SNX-EUR,Synthetix Network Token,0.674,0.14858841010401,SNX,EUR
689,ETH-BTC,Ethereum,0.02343456,0.14769230769231,ETH,BTC
569,MANTLE-USD,Mantle,0.7373,0.12221618685497,MANTLE,USD
570,MANTLE-USDC,Mantle,0.7373,0.12221618685497,MANTLE,USDC
451,ABT-USD,Arcblock,0.962,0.11447601207202,ABT,USD
450,ABT-USDC,Arcblock,0.962,0.11447601207202,ABT,USDC
1,BTC-USD,Bitcoin,109256.64,0.10515671025244,BTC,USD
0,BTC-USDC,Bitcoin,109256.64,0.10515671025244,BTC,USDC
232,FLOKI-USD,FLOKI,0.0000975,0.10266940451745,FLOKI,USD
231,FLOKI-USDC,FLOKI,0.0000975,0.10266940451745,FLOKI,USDC
25,BTC-USDT,Bitcoin,109194.55,0.09494828032054,BTC,USDT
143,GRT-USDC,The Graph,0.1095,0.09140767824497,GRT,USDC
142,GRT-USD,The Graph,0.1095,0.09140767824497,GRT,USD
86,ETH-GBP,Ethereum,1887.27,0.03763463658723,ETH,GBP
119,VET-USD,vechain,0.02742,0.03648303538854,VET,USD
120,VET-USDC,vechain,0.02742,0.03648303538854,VET,USDC
10,USDT-USD,Tether,1.00038,0.00399864046224,USDT,USD
688,CBETH-ETH,Coinbase Wrapped Staked ETH,1.09961,0.00363778567986,CBETH,ETH
429,GRT-EUR,The Graph,0.0961,0.0,GRT,EUR
283,DAI-USDC,Dai,0.9999,0.0,DAI,USDC
619,KAVA-USDC,Kava,0.4228,0.0,KAVA,USDC
618,KAVA-USD,Kava,0.4228,0.0,KAVA,USD
685,CGLD-EUR,Celo,0.33,0.0,CGLD,EUR
622,TIME-USD,Chrono.tech,12.78,0.0,TIME,USD
200,USDT-USDC,Tether,1.0004,0.0,USDT,USDC
286,FORT-USDC,Forta,0.0678,0.0,FORT,USDC
287,FORT-USD,Forta,0.0678,0.0,FORT,USD
623,TIME-USDC,Chrono.tech,12.78,0.0,TIME,USDC
604,ALT-USD,Altlayer,0.03174,0.0,ALT,USD
675,AXS-EUR,Axie Infinity,2.48,0.0,AXS,EUR
282,DAI-USD,Dai,0.9999,0.0,DAI,USD
133,APT-USDC,Aptos,5.27,0.0,APT,USDC
605,ALT-USDC,Altlayer,0.03174,0.0,ALT,USDC
132,APT-USD,Aptos,5.27,0.0,APT,USD
555,AVT-USD,Aventus,1.7,0.0,AVT,USD
556,AVT-USDC,Aventus,1.7,0.0,AVT,USDC
719,LSETH-ETH,Liquid Staked ETH,1.07874,-0.00185398049613,LSETH,ETH
322,YFI-USDC,yearn.finance,5581.81,-0.04494728095811,YFI,USDC
321,YFI-USD,yearn.finance,5581.81,-0.04494728095811,YFI,USD
358,PAXG-USDC,PAX Gold,3357.02,-0.05983870343522,PAXG,USDC
359,PAXG-USD,PAX Gold,3357.02,-0.05983870343522,PAXG,USD
237,AKT-USD,Akash Network,1.521,-0.06570302233903,AKT,USD
238,AKT-USDC,Akash Network,1.521,-0.06570302233903,AKT,USDC
24,BTC-EUR,Bitcoin,95917.58,-0.06890751890008,BTC,EUR
657,AXS-USDT,Axie Infinity,2.809,-0.07114905727499,AXS,USDT
347,FX-USDC,Function X,0.1858,-0.10752688172043,FX,USDC
346,FX-USD,Function X,0.1858,-0.10752688172043,FX,USD
332,GST-USD,Green Satoshi Token,0.0088,-0.11350737797957,GST,USD
331,GST-USDC,Green Satoshi Token,0.0088,-0.11350737797957,GST,USDC
677,CRO-EUR,Cronos,0.0848,-0.11778563015312,CRO,EUR
51,BTC-GBP,Bitcoin,80525.26,-0.14477565725358,BTC,GBP
17,USDC-EUR,USDC,0.8778,-0.15923566878981,USDC,EUR
83,USDT-EUR,Tether,0.87809,-0.16599397419135,USDT,EUR
129,SEI-USDC,Sei,0.2202,-0.18132366273799,SEI,USDC
128,SEI-USD,Sei,0.2202,-0.18132366273799,SEI,USD
639,MSOL-USD,Marinade Staked SOL,226.06,-0.19426048565121,MSOL,USD
640,MSOL-USDC,Marinade Staked SOL,226.06,-0.19426048565121,MSOL,USDC
201,IP-USDC,Story,4.235,-0.21206409048068,IP,USDC
202,IP-USD,Story,4.235,-0.21206409048068,IP,USD
151,USDT-GBP,Tether,0.7374,-0.21650879566982,USDT,GBP
121,USDC-GBP,USDC,0.7371,-0.21659672397455,USDC,GBP
637,A8-USD,Ancient8,0.1311,-0.22831050228311,A8,USD
638,A8-USDC,Ancient8,0.1311,-0.22831050228311,A8,USDC
454,LINK-USDT,Chainlink,15.5,-0.25740025740026,LINK,USDT
385,ELA-USDC,Elastos,1.45,-0.27510316368638,ELA,USDC
384,ELA-USD,Elastos,1.45,-0.27510316368638,ELA,USD
228,PRCL-USDC,Parcl,0.1042,-0.28708133971292,PRCL,USDC
227,PRCL-USD,Parcl,0.1042,-0.28708133971292,PRCL,USD
217,EOS-USDC,EOS,0.7637,-0.28724376550464,EOS,USDC
216,EOS-USD,EOS,0.7637,-0.28724376550464,EOS,USD
391,T-USDC,Threshold,0.01722,-0.28951939779965,T,USDC
390,T-USD,Threshold,0.01722,-0.28951939779965,T,USD
266,ADA-USDT,Cardano,0.7567,-0.28989326657004,ADA,USDT
608,STX-USDT,Stacks,0.8817,-0.29401786723962,STX,USDT
542,SUKU-USD,SUKU,0.0331,-0.30120481927711,SUKU,USD
541,SUKU-USDC,SUKU,0.0331,-0.30120481927711,SUKU,USDC
5,SOL-USD,Solana,174.27,-0.30890681311138,SOL,USD
4,SOL-USDC,Solana,174.27,-0.30890681311138,SOL,USDC
682,CHZ-GBP,Chiliz,0.0319,-0.3125,CHZ,GBP
69,AERO-USD,Aerodrome Finance,0.58813,-0.31525958067086,AERO,USD
70,AERO-USDC,Aerodrome Finance,0.58813,-0.31525958067086,AERO,USDC
113,SOL-USDT,Solana,174.22,-0.33750929580688,SOL,USDT
167,PYTH-USDC,Pyth Network,0.1339,-0.37202380952381,PYTH,USDC
168,PYTH-USD,Pyth Network,0.1339,-0.37202380952381,PYTH,USD
30,LINK-USD,Chainlink,15.493,-0.37937242798354,LINK,USD
31,LINK-USDC,Chainlink,15.493,-0.37937242798354,LINK,USDC
497,OSMO-USDC,Osmosis,0.2315,-0.38726333907057,OSMO,USDC
498,OSMO-USD,Osmosis,0.2315,-0.38726333907057,OSMO,USD
427,AXS-USDC,Axie Infinity,2.802,-0.42643923240938,AXS,USDC
426,AXS-USD,Axie Infinity,2.802,-0.42643923240938,AXS,USD
703,ADA-BTC,Cardano,0.00000694,-0.43041606886657,ADA,BTC
705,LINK-BTC,Chainlink,0.00014192,-0.44893378226712,LINK,BTC
704,ATOM-BTC,Cosmos,0.0000437,-0.45558086560364,ATOM,BTC
554,CHZ-USD,Chiliz,0.0434,-0.45871559633028,CHZ,USD
553,CHZ-USDC,Chiliz,0.0434,-0.45871559633028,CHZ,USDC
352,HIGH-USD,Highstreet,0.627,-0.47619047619048,HIGH,USD
353,HIGH-USDC,Highstreet,0.627,-0.47619047619048,HIGH,USDC
438,DRIFT-USD,Drift Protocol,0.625,-0.47770700636943,DRIFT,USD
439,DRIFT-USDC,Drift Protocol,0.625,-0.47770700636943,DRIFT,USDC
679,FIL-GBP,Filecoin,2.06,-0.48309178743961,FIL,GBP
518,PUNDIX-USDC,Pundi X (New),0.3831,-0.49350649350649,PUNDIX,USDC
519,PUNDIX-USD,Pundi X (New),0.3831,-0.49350649350649,PUNDIX,USD
90,SOL-EUR,Solana,152.98,-0.4943410953558,SOL,EUR
580,RLC-USDC,iExec RLC,1.1622,-0.49657534246575,RLC,USDC
579,RLC-USD,iExec RLC,1.1622,-0.49657534246575,RLC,USD
641,ICP-EUR,Internet Computer,4.608,-0.49665299071475,ICP,EUR
301,AUCTION-USD,Bounce Token,11.75,-0.50804403048264,AUCTION,USD
300,AUCTION-USDC,Bounce Token,11.75,-0.50804403048264,AUCTION,USDC
647,BNT-USD,Bancor Network Token,0.6958,-0.51472690877895,BNT,USD
646,BNT-USDC,Bancor Network Token,0.6958,-0.51472690877895,BNT,USDC
574,ALCX-USDC,Alchemix,9.6,-0.51813471502591,ALCX,USDC
573,ALCX-USD,Alchemix,9.6,-0.51813471502591,ALCX,USD
668,GMT-USDT,STEPN,0.0568,-0.52539404553415,GMT,USDT
28,ADA-USD,Cardano,0.7555,-0.53975776724592,ADA,USD
29,ADA-USDC,Cardano,0.7555,-0.53975776724592,ADA,USDC
671,ENS-USDT,Ethereum Name Service,21.96,-0.54347826086957,ENS,USDT
308,SPA-USDC,Sperax,0.017363,-0.54985967122974,SPA,USDC
309,SPA-USD,Sperax,0.017363,-0.54985967122974,SPA,USD
694,SOL-BTC,Solana,0.0015935,-0.5616224648986,SOL,BTC
76,ARB-USD,Arbitrum,0.3908,-0.58509285169168,ARB,USD
75,ARB-USDC,Arbitrum,0.3908,-0.58509285169168,ARB,USDC
297,LINK-EUR,Chainlink,13.59,-0.58522311631309,LINK,EUR
335,COMP-USDC,Compound,41.99,-0.59185606060606,COMP,USDC
336,COMP-USD,Compound,41.99,-0.59185606060606,COMP,USD
213,SOL-GBP,Solana,128.44,-0.59592910765421,SOL,GBP
221,ETC-USDC,Ethereum Classic,18.2,-0.600764609503,ETC,USDC
220,ETC-USD,Ethereum Classic,18.2,-0.600764609503,ETC,USD
247,LINK-GBP,Chainlink,11.41,-0.60975609756098,LINK,GBP
123,STX-USD,Stacks,0.8789,-0.62189054726368,STX,USD
122,STX-USDC,Stacks,0.8789,-0.62189054726368,STX,USDC
250,RNDR-USDT,Render (ERC-20),4.7175,-0.62353858144973,RNDR,USDT
264,ZRO-USD,LayerZero,2.691,-0.62776957163959,ZRO,USD
265,ZRO-USDC,LayerZero,2.691,-0.62776957163959,ZRO,USDC
35,AAVE-USDC,Aave,266.63,-0.64835860938257,AAVE,USDC
34,AAVE-USD,Aave,266.63,-0.64835860938257,AAVE,USD
473,GHST-USDC,Aavegotchi,0.458,-0.65075921908894,GHST,USDC
474,GHST-USD,Aavegotchi,0.458,-0.65075921908894,GHST,USD
701,ADA-ETH,Cardano,0.000295,-0.67340067340067,ADA,ETH
162,ADA-EUR,Cardano,0.6634,-0.67375355592155,ADA,EUR
551,OGN-USDC,Origin Token,0.0646,-0.67650676506765,OGN,USDC
552,OGN-USD,Origin Token,0.0646,-0.67650676506765,OGN,USD
673,CHZ-USDT,Chiliz,0.0433,-0.68807339449541,CHZ,USDT
302,SHIB-USDT,SHIBA INU,0.0000144,-0.68965517241379,SHIB,USDT
612,EOS-EUR,EOS,0.6606,-0.70644821884864,EOS,EUR
126,ATOM-USD,Cosmos,4.776,-0.70686070686071,ATOM,USD
127,ATOM-USDC,Cosmos,4.776,-0.70686070686071,ATOM,USDC
693,LINK-ETH,Chainlink,0.00605817,-0.70966504793107,LINK,ETH
191,IO-USD,io.net,0.972,-0.71501532175689,IO,USD
192,IO-USDC,io.net,0.972,-0.71501532175689,IO,USDC
480,ME-USDC,Magic Eden,0.959,-0.72463768115942,ME,USDC
479,ME-USD,Magic Eden,0.959,-0.72463768115942,ME,USD
52,TAO-USDC,Bittensor,432.25,-0.73259232041154,TAO,USDC
53,TAO-USD,Bittensor,432.25,-0.73259232041154,TAO,USD
105,RNDR-USD,Render (ERC-20),4.716,-0.73459765518112,RNDR,USD
106,RNDR-USDC,Render (ERC-20),4.716,-0.73459765518112,RNDR,USDC
73,RENDER-USDC,Render,4.717,-0.73653198653199,RENDER,USDC
74,RENDER-USD,Render,4.717,-0.73653198653199,RENDER,USD
651,ETC-GBP,Ethereum Classic,13.46,-0.73746312684366,ETC,GBP
416,DASH-USDC,Dash,23.43,-0.76238881829733,DASH,USDC
415,DASH-USD,Dash,23.43,-0.76238881829733,DASH,USD
634,RNDR-EUR,Render (ERC-20),4.161,-0.76317672310995,RNDR,EUR
723,AXS-BTC,Axie Infinity,0.0000257,-0.77220077220077,AXS,BTC
521,PYR-USD,Vulcan Forged PYR,1.156,-0.7725321888412,PYR,USD
520,PYR-USDC,Vulcan Forged PYR,1.156,-0.7725321888412,PYR,USDC
484,AUDIO-USD,Audius,0.0752,-0.79155672823219,AUDIO,USD
483,AUDIO-USDC,Audius,0.0752,-0.79155672823219,AUDIO,USDC
328,ADA-GBP,Cardano,0.5566,-0.81967213114754,ADA,GBP
104,AAVE-EUR,Aave,234.04,-0.83050847457627,AAVE,EUR
510,CTX-USDC,Cryptex Finance,1.8491,-0.84723041449944,CTX,USDC
509,CTX-USD,Cryptex Finance,1.8491,-0.84723041449944,CTX,USD
564,RARI-USD,Rarible,1.17,-0.84745762711864,RARI,USD
563,RARI-USDC,Rarible,1.17,-0.84745762711864,RARI,USDC
560,JASMY-USDT,Jasmy,0.01741,-0.85421412300683,JASMY,USDT
667,ENS-EUR,Ethereum Name Service,19.32,-0.8722421754746,ENS,EUR
687,SOL-ETH,Solana,0.06804,-0.87412587412587,SOL,ETH
485,ATOM-EUR,Cosmos,4.191,-0.87511825922422,ATOM,EUR
584,SNX-GBP,Synthetix Network Token,0.566,-0.87565674255692,SNX,GBP
403,ZEN-USD,Horizen,9.433,-0.89304475730195,ZEN,USD
402,ZEN-USDC,Horizen,9.433,-0.89304475730195,ZEN,USDC
66,SHIB-USDC,SHIBA INU,0.00001437,-0.89655172413793,SHIB,USDC
65,SHIB-USD,SHIBA INU,0.00001437,-0.89655172413793,SHIB,USD
594,GNO-USD,Gnosis,132.46,-0.89780038904684,GNO,USD
595,GNO-USDC,Gnosis,132.46,-0.89780038904684,GNO,USDC
655,ATOM-GBP,Cosmos,3.528,-0.89887640449438,ATOM,GBP
617,DOT-GBP,Polkadot,3.29,-0.90361445783133,DOT,GBP
632,KRL-USDC,Kryll,0.3481,-0.910902362653,KRL,USDC
633,KRL-USD,Kryll,0.3481,-0.910902362653,KRL,USD
697,LTC-BTC,Litecoin,0.000869,-0.91220068415051,LTC,BTC
517,SAND-USDT,The Sandbox,0.3039,-0.91294424519074,SAND,USDT
656,MINA-EUR,Mina,0.216,-0.91743119266055,MINA,EUR
571,MUSE-USDC,Muse,8.52,-0.94175095919079,MUSE,USDC
572,MUSE-USD,Muse,8.52,-0.94175095919079,MUSE,USD
269,SAND-USD,The Sandbox,0.3041,-0.94462540716612,SAND,USD
270,SAND-USDC,The Sandbox,0.3041,-0.94462540716612,SAND,USDC
138,TURBO-USD,Turbo,0.005178,-0.95638867635807,TURBO,USD
139,TURBO-USDC,Turbo,0.005178,-0.95638867635807,TURBO,USDC
177,AAVE-GBP,Aave,196.63,-0.95703420138014,AAVE,GBP
274,HNT-USD,Helium,4.098,-0.96665055582407,HNT,USD
273,HNT-USDC,Helium,4.098,-0.96665055582407,HNT,USDC
690,ANKR-GBP,Ankr,0.01324,-0.97232610321616,ANKR,GBP
443,CORECHAIN-USDC,Core,0.811,-0.97680097680098,CORECHAIN,USDC
442,CORECHAIN-USD,Core,0.811,-0.97680097680098,CORECHAIN,USD
613,ICP-GBP,Internet Computer,3.85,-0.97736625514403,ICP,GBP
314,NCT-USD,PolySwarm,0.02119,-0.98130841121495,NCT,USD
313,NCT-USDC,PolySwarm,0.02119,-0.98130841121495,NCT,USDC
540,UMA-USDC,UMA,1.188,-1.0,UMA,USDC
539,UMA-USD,UMA,1.188,-1.0,UMA,USD
582,FLOW-USD,Flow,0.395,-1.00250626566416,FLOW,USD
581,FLOW-USDC,Flow,0.395,-1.00250626566416,FLOW,USDC
695,AAVE-BTC,Aave,0.00244,-1.01419878296146,AAVE,BTC
611,FOX-USD,Shapeshift FOX Token,0.0292,-1.01694915254237,FOX,USD
610,FOX-USDC,Shapeshift FOX Token,0.0292,-1.01694915254237,FOX,USDC
345,FIDA-USD,Bonfida,0.0862,-1.03329506314581,FIDA,USD
344,FIDA-USDC,Bonfida,0.0862,-1.03329506314581,FIDA,USDC
711,ICP-BTC,Internet Computer,0.0000478,-1.0351966873706,ICP,BTC
524,ALEO-USD,Aleo,0.191,-1.03626943005181,ALEO,USD
525,ALEO-USDC,Aleo,0.191,-1.03626943005181,ALEO,USDC
500,KSM-USD,Kusama,18.09,-1.03938730853392,KSM,USD
499,KSM-USDC,Kusama,18.09,-1.03938730853392,KSM,USDC
38,XLM-USD,Stellar Lumens,0.284431,-1.04613864555139,XLM,USD
39,XLM-USDC,Stellar Lumens,0.284431,-1.04613864555139,XLM,USDC
159,KERNEL-USD,KernelDAO,0.178,-1.05614230127849,KERNEL,USD
158,KERNEL-USDC,KernelDAO,0.178,-1.05614230127849,KERNEL,USDC
615,WAXL-USD,Wrapped Axelar,0.3526,-1.0662177328844,WAXL,USD
616,WAXL-USDC,Wrapped Axelar,0.3526,-1.0662177328844,WAXL,USDC
299,EDGE-USDC,Definitive,0.12026,-1.06943073379401,EDGE,USDC
298,EDGE-USD,Definitive,0.12026,-1.06943073379401,EDGE,USD
486,ALICE-USD,MyNeighborAlice,0.46,-1.0752688172043,ALICE,USD
487,ALICE-USDC,MyNeighborAlice,0.46,-1.0752688172043,ALICE,USDC
511,CTSI-USD,Cartesi,0.0729,-1.08548168249661,CTSI,USD
512,CTSI-USDC,Cartesi,0.0729,-1.08548168249661,CTSI,USDC
528,DOT-USDT,Polkadot,4.47,-1.10619469026549,DOT,USDT
453,PIRATE-USD,Pirate Nation Token,0.0617,-1.12179487179487,PIRATE,USD
452,PIRATE-USDC,Pirate Nation Token,0.0617,-1.12179487179487,PIRATE,USDC
456,PERP-USDC,Perpetual Protocol,0.2699,-1.13553113553114,PERP,USDC
455,PERP-USD,Perpetual Protocol,0.2699,-1.13553113553114,PERP,USD
710,XLM-BTC,Stellar Lumens,0.00000261,-1.13636363636364,XLM,BTC
45,LTC-USD,Litecoin,94.72,-1.13766830184741,LTC,USD
44,LTC-USDC,Litecoin,94.72,-1.13766830184741,LTC,USDC
428,ICP-USDT,Internet Computer,5.205,-1.158374477782,ICP,USDT
230,JTO-USD,Jito,1.9402,-1.16148751910341,JTO,USD
229,JTO-USDC,Jito,1.9402,-1.16148751910341,JTO,USDC
606,STORJ-USD,Storj,0.2887,-1.16398493666553,STORJ,USD
607,STORJ-USDC,Storj,0.2887,-1.16398493666553,STORJ,USDC
209,SHIB-EUR,SHIBA INU,0.00001261,-1.17554858934169,SHIB,EUR
110,IMX-USD,Immutable,0.6302,-1.17610161517955,IMX,USD
109,IMX-USDC,Immutable,0.6302,-1.17610161517955,IMX,USDC
591,ETC-EUR,Ethereum Classic,15.96,-1.17647058823529,ETC,EUR
101,ALGO-USD,Algorand,0.2173,-1.18235561618918,ALGO,USD
100,ALGO-USDC,Algorand,0.2173,-1.18235561618918,ALGO,USDC
726,ETC-BTC,Ethereum Classic,0.000167,-1.18343195266272,ETC,BTC
414,XLM-EUR,Stellar Lumens,0.249726,-1.19487548764372,XLM,EUR
95,ICP-USDC,Internet Computer,5.2,-1.19703591107733,ICP,USDC
96,ICP-USD,Internet Computer,5.2,-1.19703591107733,ICP,USD
658,FIL-EUR,Filecoin,2.46,-1.20481927710843,FIL,EUR
306,MINA-USD,Mina,0.245,-1.20967741935484,MINA,USD
307,MINA-USDC,Mina,0.245,-1.20967741935484,MINA,USDC
702,DOT-BTC,Polkadot,0.0000408,-1.21065375302663,DOT,BTC
421,SHIB-GBP,SHIBA INU,0.00001058,-1.21381886087768,SHIB,GBP
165,ACH-USDC,Alchemy Pay,0.02356,-1.22835702008133,ACH,USDC
166,ACH-USD,Alchemy Pay,0.02356,-1.22835702008133,ACH,USD
59,CRV-USD,Curve DAO Token,0.7539,-1.23149482510153,CRV,USD
58,CRV-USDC,Curve DAO Token,0.7539,-1.23149482510153,CRV,USDC
583,ALGO-GBP,Algorand,0.1602,-1.23304562268804,ALGO,GBP
310,ALGO-EUR,Algorand,0.1908,-1.24223602484472,ALGO,EUR
558,BLAST-USDC,Blast,0.00315,-1.25391849529781,BLAST,USDC
557,BLAST-USD,Blast,0.00315,-1.25391849529781,BLAST,USD
424,NMR-USDC,Numeraire,8.62,-1.26002290950745,NMR,USDC
425,NMR-USD,Numeraire,8.62,-1.26002290950745,NMR,USD
93,DOT-USD,Polkadot,4.458,-1.2624584717608,DOT,USD
94,DOT-USDC,Polkadot,4.458,-1.2624584717608,DOT,USDC
329,STRK-USDC,Starknet Token,0.156,-1.26582278481013,STRK,USDC
330,STRK-USD,Starknet Token,0.156,-1.26582278481013,STRK,USD
320,SPELL-USD,Spell Token,0.0005959,-1.27567925778661,SPELL,USD
319,SPELL-USDC,Spell Token,0.0005959,-1.27567925778661,SPELL,USDC
225,XYO-USD,XYO,0.01231,-1.28307939053729,XYO,USD
226,XYO-USDC,XYO,0.01231,-1.28307939053729,XYO,USDC
716,COMP-BTC,Compound,0.000383,-1.28865979381443,COMP,BTC
80,BCH-USD,Bitcoin Cash,414.58,-1.29047619047619,BCH,USD
79,BCH-USDC,Bitcoin Cash,414.58,-1.29047619047619,BCH,USDC
292,AMP-USD,Amp,0.00456,-1.2987012987013,AMP,USD
291,AMP-USDC,Amp,0.00456,-1.2987012987013,AMP,USDC
461,PLU-USDC,Pluton,0.76,-1.2987012987013,PLU,USDC
460,PLU-USD,Pluton,0.76,-1.2987012987013,PLU,USD
459,LTC-GBP,Litecoin,69.83,-1.30035335689046,LTC,GBP
108,JASMY-USD,Jasmy,0.01731,-1.31128848346636,JASMY,USD
107,JASMY-USDC,Jasmy,0.01731,-1.31128848346636,JASMY,USDC
305,LTC-EUR,Litecoin,83.16,-1.31719473122108,LTC,EUR
576,XLM-USDT,Stellar Lumens,0.284,-1.32036136205698,XLM,USDT
208,FLR-USDC,Flare,0.01856,-1.3290802764487,FLR,USDC
207,FLR-USD,Flare,0.01856,-1.3290802764487,FLR,USD
724,MKR-BTC,Maker,0.01481,-1.33244503664224,MKR,BTC
586,TNSR-USD,Tensor,0.148,-1.33333333333333,TNSR,USD
585,TNSR-USDC,Tensor,0.148,-1.33333333333333,TNSR,USDC
434,CGLD-USD,Celo,0.369,-1.33689839572193,CGLD,USD
435,CGLD-USDC,Celo,0.369,-1.33689839572193,CGLD,USDC
373,MOBILE-USD,Helium Mobile,0.000516,-1.33843212237094,MOBILE,USD
372,MOBILE-USDC,Helium Mobile,0.000516,-1.33843212237094,MOBILE,USDC
182,FIL-USDC,Filecoin,2.784,-1.34656272147413,FIL,USDC
181,FIL-USD,Filecoin,2.784,-1.34656272147413,FIL,USD
700,BCH-BTC,Bitcoin Cash,0.0038,-1.34994807892004,BCH,BTC
445,GLM-USD,Golem,0.2616,-1.35746606334842,GLM,USD
444,GLM-USDC,Golem,0.2616,-1.35746606334842,GLM,USDC
664,IMX-USDT,Immutable,0.6311,-1.35979993748046,IMX,USDT
592,FARM-USDC,Harvest Finance,30.38,-1.36363636363636,FARM,USDC
593,FARM-USD,Harvest Finance,30.38,-1.36363636363636,FARM,USD
170,MKR-USDC,Maker,1623.08,-1.3661002941248,MKR,USDC
169,MKR-USD,Maker,1623.08,-1.3661002941248,MKR,USD
489,AGLD-USDC,Adventure Gold,0.8797,-1.36786635273013,AGLD,USDC
488,AGLD-USD,Adventure Gold,0.8797,-1.36786635273013,AGLD,USD
275,AXL-USDC,Axelar,0.3502,-1.37989298789074,AXL,USDC
276,AXL-USD,Axelar,0.3502,-1.37989298789074,AXL,USD
722,DASH-BTC,Dash,0.000214,-1.38248847926267,DASH,BTC
725,SNX-BTC,Synthetix Network Token,0.0000071,-1.38888888888889,SNX,BTC
718,FIL-BTC,Filecoin,0.00002551,-1.39157325086973,FIL,BTC
240,ENS-USDC,Ethereum Name Service,21.92,-1.39451192082771,ENS,USDC
239,ENS-USD,Ethereum Name Service,21.92,-1.39451192082771,ENS,USD
144,XRP-USDT,XRP,2.3068,-1.4061631833141,XRP,USDT
271,NKN-USDC,NKN,0.0348,-1.41643059490085,NKN,USDC
272,NKN-USD,NKN,0.0348,-1.41643059490085,NKN,USD
467,BLZ-USD,Bluzelle,0.0414,-1.42857142857143,BLZ,USD
466,BLZ-USDC,Bluzelle,0.0414,-1.42857142857143,BLZ,USDC
708,CRV-BTC,Curve DAO Token,0.0000069,-1.42857142857143,CRV,BTC
492,ERN-USDC,Ethernity Chain,1.6377,-1.43244056575384,ERN,USDC
493,ERN-USD,Ethernity Chain,1.6377,-1.43244056575384,ERN,USD
147,B3-USDC,B3 (Base),0.004539,-1.43322475570033,B3,USDC
148,B3-USD,B3 (Base),0.004539,-1.43322475570033,B3,USD
645,CGLD-GBP,Celo,0.272,-1.44927536231884,CGLD,GBP
249,XTZ-USD,Tezos,0.609,-1.45631067961165,XTZ,USD
538,BLUR-USDC,Blur,0.1015,-1.45631067961165,BLUR,USDC
537,BLUR-USD,Blur,0.1015,-1.45631067961165,BLUR,USD
248,XTZ-USDC,Tezos,0.609,-1.45631067961165,XTZ,USDC
535,RPL-USDC,Rocket Pool,4.73,-1.45833333333333,RPL,USDC
536,RPL-USD,Rocket Pool,4.73,-1.45833333333333,RPL,USD
19,TRUMP-USD,OFFICIAL TRUMP,12.68,-1.47630147630148,TRUMP,USD
18,TRUMP-USDC,OFFICIAL TRUMP,12.68,-1.47630147630148,TRUMP,USDC
715,ALGO-BTC,Algorand,0.00000199,-1.48514851485149,ALGO,BTC
7,XRP-USDC,XRP,2.3054,-1.48705238868473,XRP,USDC
6,XRP-USD,XRP,2.3054,-1.48705238868473,XRP,USD
515,BAND-USDC,Band Protocol,0.728,-1.48849797023004,BAND,USDC
516,BAND-USD,Band Protocol,0.728,-1.48849797023004,BAND,USD
235,COW-USD,CoW Protocol,0.3959,-1.49290868375218,COW,USD
236,COW-USDC,CoW Protocol,0.3959,-1.49290868375218,COW,USDC
386,VTHO-USDC,VeThor Token,0.00244,-1.49374243035931,VTHO,USDC
387,VTHO-USD,VeThor Token,0.00244,-1.49374243035931,VTHO,USD
42,ONDO-USD,Ondo Finance,0.93563,-1.49707848607675,ONDO,USD
43,ONDO-USDC,Ondo Finance,0.93563,-1.49707848607675,ONDO,USDC
649,POWR-USDC,Powerledger,0.1774,-1.49916712937257,POWR,USDC
650,POWR-USD,Powerledger,0.1774,-1.49916712937257,POWR,USD
620,CRV-GBP,Curve DAO Token,0.555,-1.50842945874002,CRV,GBP
337,DOT-EUR,Polkadot,3.91,-1.51133501259446,DOT,EUR
152,BCH-EUR,Bitcoin Cash,364.16,-1.52248573514698,BCH,EUR
325,CRV-EUR,Curve DAO Token,0.6621,-1.53182629387269,CRV,EUR
471,LOKA-USDC,League of Kingdoms Arena,0.0694,-1.56028368794326,LOKA,USDC
470,LOKA-USD,League of Kingdoms Arena,0.0694,-1.56028368794326,LOKA,USD
47,HBAR-USD,Hedera,0.1852,-1.5678979537603,HBAR,USD
48,HBAR-USDC,Hedera,0.1852,-1.5678979537603,HBAR,USDC
349,RSR-USDC,Reserve Rights,0.0085,-1.5748031496063,RSR,USDC
348,RSR-USD,Reserve Rights,0.0085,-1.5748031496063,RSR,USD
400,GMT-USDC,STEPN,0.0562,-1.57618213660245,GMT,USDC
401,GMT-USD,STEPN,0.0562,-1.57618213660245,GMT,USD
377,00-USDC,00 Token,0.0187,-1.57894736842105,00,USDC
376,00-USD,00 Token,0.0187,-1.57894736842105,00,USD
709,XTZ-BTC,Tezos,0.00000557,-1.59010600706714,XTZ,BTC
514,ARPA-USD,ARPA Chain,0.0245,-1.60642570281124,ARPA,USD
513,ARPA-USDC,ARPA Chain,0.0245,-1.60642570281124,ARPA,USDC
684,MINA-USDT,Mina,0.244,-1.61290322580645,MINA,USDT
598,MATIC-GBP,Polygon,0.1706,-1.61476355247982,MATIC,GBP
161,ZEC-USD,Zcash,54.11,-1.61818181818182,ZEC,USD
160,ZEC-USDC,Zcash,54.11,-1.61818181818182,ZEC,USDC
707,BAT-ETH,Basic Attention Token,0.00005527,-1.61979352082592,BAT,ETH
157,HBAR-USDT,Hedera,0.18502,-1.62173658744085,HBAR,USDT
99,XRP-EUR,XRP,2.0244,-1.64221164123992,XRP,EUR
464,NEAR-USDT,NEAR Protocol,2.754,-1.67797215280257,NEAR,USDT
626,BCH-GBP,Bitcoin Cash,305.52,-1.70832931184249,BCH,GBP
696,AVAX-BTC,Avalanche,0.00021072,-1.71641791044776,AVAX,BTC
343,BIGTIME-USD,Big Time,0.07192,-1.72178190762503,BIGTIME,USD
342,BIGTIME-USDC,Big Time,0.07192,-1.72178190762503,BIGTIME,USDC
395,ANKR-USDC,Ankr,0.01794,-1.75246440306681,ANKR,USDC
394,ANKR-USD,Ankr,0.01794,-1.75246440306681,ANKR,USD
676,XTZ-GBP,Tezos,0.448,-1.75438596491228,XTZ,GBP
323,MANA-USDC,Decentraland,0.3075,-1.75718849840256,MANA,USDC
324,MANA-USD,Decentraland,0.3075,-1.75718849840256,MANA,USD
644,ZETACHAIN-USD,Zetachain,0.2502,-1.76678445229682,ZETACHAIN,USD
643,ZETACHAIN-USDC,Zetachain,0.2502,-1.76678445229682,ZETACHAIN,USDC
103,NEAR-USDC,NEAR Protocol,2.751,-1.78507675830061,NEAR,USDC
102,NEAR-USD,NEAR Protocol,2.751,-1.78507675830061,NEAR,USD
547,ACX-USD,Across Protocol,0.2254,-1.78649237472767,ACX,USD
548,ACX-USDC,Across Protocol,0.2254,-1.78649237472767,ACX,USDC
472,AVAX-USDT,Avalanche,22.96,-1.79640718562874,AVAX,USDT
124,SUSHI-USDC,SushiSwap,0.718,-1.80525164113786,SUSHI,USDC
125,SUSHI-USD,SushiSwap,0.718,-1.80525164113786,SUSHI,USD
366,CVC-USD,Civic,0.1405,-1.81691125087352,CVC,USD
367,CVC-USDC,Civic,0.1405,-1.81691125087352,CVC,USDC
680,XTZ-EUR,Tezos,0.54,-1.81818181818182,XTZ,EUR
67,AVAX-USDC,Avalanche,22.97308,-1.86638188808202,AVAX,USDC
68,AVAX-USD,Avalanche,22.97308,-1.86638188808202,AVAX,USD
447,ZETA-USDC,Zetachain,0.2514,-1.87353629976581,ZETA,USDC
446,ZETA-USD,Zetachain,0.2514,-1.87353629976581,ZETA,USD
340,ARKM-USD,Arkham,0.668,-1.90895741556535,ARKM,USD
341,ARKM-USDC,Arkham,0.668,-1.90895741556535,ARKM,USDC
714,GRT-BTC,The Graph,0.000001,-1.96078431372549,GRT,BTC
288,AVAX-EUR,Avalanche,20.16,-1.9931939718036,AVAX,EUR
686,MANA-EUR,Decentraland,0.27,-2.17391304347826,MANA,EUR
214,LRC-USDC,Loopring,0.0989,-2.17606330365974,LRC,USDC
215,LRC-USD,Loopring,0.0989,-2.17606330365974,LRC,USD
465,MATIC-EUR,Polygon,0.2017,-2.1823472356935,MATIC,EUR
203,MATIC-USD,Polygon,0.2297,-2.2137079608344,MATIC,USD
204,MATIC-USDC,Polygon,0.2297,-2.2137079608344,MATIC,USDC
506,BAT-USD,Basic Attention Token,0.1404,-2.21479314667781,BAT,USD
505,BAT-USDC,Basic Attention Token,0.1404,-2.21479314667781,BAT,USDC
681,ANKR-EUR,Ankr,0.01575,-2.23463687150838,ANKR,EUR
219,POL-USDC,Polygon Ecosystem Token,0.2297,-2.25531914893617,POL,USDC
218,POL-USD,Polygon Ecosystem Token,0.2297,-2.25531914893617,POL,USD
654,LRC-USDT,Loopring,0.0992,-2.26600985221675,LRC,USDT
717,BAT-BTC,Basic Attention Token,0.00000129,-2.27272727272727,BAT,BTC
327,METIS-USD,Metis,19.22,-2.28774783934926,METIS,USD
326,METIS-USDC,Metis,19.22,-2.28774783934926,METIS,USDC
602,G-USDC,Gravity,0.01449,-2.29265003371544,G,USDC
603,G-USD,Gravity,0.01449,-2.29265003371544,G,USD
706,MATIC-BTC,Polygon,0.0000021,-2.32558139534884,MATIC,BTC
482,REQ-USDC,Request,0.142,-2.33837689133425,REQ,USDC
481,REQ-USD,Request,0.142,-2.33837689133425,REQ,USD
363,TRU-USD,TrueFi,0.0409,-2.38663484486874,TRU,USD
362,TRU-USDC,TrueFi,0.0409,-2.38663484486874,TRU,USDC
458,QI-USD,BENQI,0.008118,-2.48648648648649,QI,USD
457,QI-USDC,BENQI,0.008118,-2.48648648648649,QI,USDC
432,SHDW-USDC,Shadow Token,0.117,-2.5,SHDW,USDC
433,SHDW-USD,Shadow Token,0.117,-2.5,SHDW,USD
115,SXT-USDC,Space and Time,0.1207,-2.50403877221325,SXT,USDC
114,SXT-USD,Space and Time,0.1207,-2.50403877221325,SXT,USD
195,PROMPT-USDC,Wayfinder,0.21886,-2.51659168856621,PROMPT,USDC
196,PROMPT-USD,Wayfinder,0.21886,-2.51659168856621,PROMPT,USD
40,AERGO-USD,Aergo,0.1615,-2.53470126735063,AERGO,USD
41,AERGO-USDC,Aergo,0.1615,-2.53470126735063,AERGO,USDC
674,MATIC-USDT,Polygon,0.23,-2.54237288135593,MATIC,USDT
567,MDT-USD,Measurable Data Token,0.02865,-2.55102040816327,MDT,USD
568,MDT-USDC,Measurable Data Token,0.02865,-2.55102040816327,MDT,USDC
503,CELR-USDC,Celer Network,0.00941,-2.5879917184265,CELR,USDC
504,CELR-USD,Celer Network,0.00941,-2.5879917184265,CELR,USD
683,BAT-EUR,Basic Attention Token,0.12322,-2.61598039990516,BAT,EUR
253,PENDLE-USD,Pendle,4.341,-2.62449528936743,PENDLE,USD
254,PENDLE-USDC,Pendle,4.341,-2.62449528936743,PENDLE,USDC
661,RAD-USDC,Radworks,0.74,-2.63157894736842,RAD,USDC
660,RAD-USD,Radworks,0.74,-2.63157894736842,RAD,USD
176,GODS-USD,Gods Unchained,0.16394,-2.65423668428241,GODS,USD
175,GODS-USDC,Gods Unchained,0.16394,-2.65423668428241,GODS,USDC
721,MANA-ETH,Decentraland,0.00012,-2.67639902676399,MANA,ETH
678,FLOW-USDT,Flow,0.391,-2.7363184079602,FLOW,USDT
369,MORPHO-USD,Morpho,1.466,-2.772250961666,MORPHO,USD
368,MORPHO-USDC,Morpho,1.466,-2.772250961666,MORPHO,USDC
185,GIGA-USD,Gigachad,0.02339,-2.78470490440565,GIGA,USD
186,GIGA-USDC,Gigachad,0.02339,-2.78470490440565,GIGA,USDC
578,FIS-USD,StaFi,0.1567,-2.79156327543424,FIS,USD
577,FIS-USDC,StaFi,0.1567,-2.79156327543424,FIS,USDC
526,POND-USDC,Marlin,0.01035,-2.99906279287723,POND,USDC
527,POND-USD,Marlin,0.01035,-2.99906279287723,POND,USD
334,SWELL-USDC,SWELL,0.00998,-3.01263362487852,SWELL,USDC
333,SWELL-USD,SWELL,0.00998,-3.01263362487852,SWELL,USD
20,BONK-USD,Bonk,0.00002006,-3.09178743961353,BONK,USD
21,BONK-USDC,Bonk,0.00002006,-3.09178743961353,BONK,USDC
720,LRC-BTC,Loopring,0.00000091,-3.19148936170213,LRC,BTC
131,MOG-USDC,Mog Coin,0.00000117,-3.30578512396694,MOG,USDC
130,MOG-USD,Mog Coin,0.00000117,-3.30578512396694,MOG,USD
625,GTC-USDC,Gitcoin,0.29,-3.33333333333333,GTC,USDC
624,GTC-USD,Gitcoin,0.29,-3.33333333333333,GTC,USD
478,ZK-USDC,ZKsync,0.06102,-3.35761799176433,ZK,USDC
477,ZK-USD,ZKsync,0.06102,-3.35761799176433,ZK,USD
72,XCN-USD,Onyxcoin,0.01848,-3.44827586206897,XCN,USD
71,XCN-USDC,Onyxcoin,0.01848,-3.44827586206897,XCN,USDC
62,POPCAT-USDC,Popcat (SOL),0.4645,-3.53063343717549,POPCAT,USDC
61,POPCAT-USD,Popcat (SOL),0.4645,-3.53063343717549,POPCAT,USD
296,COTI-USDC,COTI,0.0683,-3.53107344632768,COTI,USDC
295,COTI-USD,COTI,0.0683,-3.53107344632768,COTI,USD
98,WLD-USDC,Worldcoin,1.363,-3.53857041755131,WLD,USDC
97,WLD-USD,Worldcoin,1.363,-3.53857041755131,WLD,USD
116,PENGU-USD,Pudgy Penguins,0.0124,-3.80139643134213,PENGU,USD
117,PENGU-USDC,Pudgy Penguins,0.0124,-3.80139643134213,PENGU,USDC
544,BICO-USDC,BICONOMY (BICO),0.1099,-3.84951881014873,BICO,USDC
543,BICO-USD,BICONOMY (BICO),0.1099,-3.84951881014873,BICO,USD
14,SUI-USD,SUI,3.4722,-3.91299535089661,SUI,USD
13,SUI-USDC,SUI,3.4722,-3.91299535089661,SUI,USDC
303,VVV-USDC,Venice Token,3.41,-3.94366197183099,VVV,USDC
304,VVV-USD,Venice Token,3.41,-3.94366197183099,VVV,USD
198,BERA-USD,Berachain,2.817,-3.95499488578248,BERA,USD
197,BERA-USDC,Berachain,2.817,-3.95499488578248,BERA,USDC
712,EOS-BTC,EOS,0.00000705,-4.21195652173913,EOS,BTC
431,REZ-USD,Renzo,0.01331,-4.38218390804598,REZ,USD
430,REZ-USDC,Renzo,0.01331,-4.38218390804598,REZ,USDC
77,PNUT-USDC,Peanut the Squirrel,0.3149,-4.86404833836858,PNUT,USDC
78,PNUT-USD,Peanut the Squirrel,0.3149,-4.86404833836858,PNUT,USD
383,LQTY-USD,Liquity,0.8318,-5.42353610005685,LQTY,USD
382,LQTY-USDC,Liquity,0.8318,-5.42353610005685,LQTY,USDC
56,SYRUP-USD,Maple Finance,0.4239,-5.75811471765229,SYRUP,USD
57,SYRUP-USDC,Maple Finance,0.4239,-5.75811471765229,SYRUP,USDC
8,MOODENG-USDC,Moo Deng,0.2549,-8.60523485120115,MOODENG,USDC
9,MOODENG-USD,Moo Deng,0.2549,-8.60523485120115,MOODENG,USD
32,COOKIE-USD,Cookie DAO,0.26252,-10.78031538879826,COOKIE,USD
33,COOKIE-USDC,Cookie DAO,0.26252,-10.78031538879826,COOKIE,USDC
