Product-ID,Base-Name,Price,Price Percentage Change 24h,Base Currency ID,Quote Currency ID
ZORA-USD,Zora,0.01128,12.8,ZORA,USD
ZORA-USDC,Zora,0.01128,12.8,ZORA,USDC
MASK-USDT,Mask Network,1.87,11.97604790419162,MASK,USDT
MASK-EUR,Mask Network,1.63,11.64383561643836,MASK,EUR
QNT-USDC,Quant,105.44,11.32932108541865,QNT,USDC
QNT-USD,Quant,105.44,11.32932108541865,QNT,USD
QNT-USDT,Quant,105.08,11.24285411814525,QNT,USDT
MASK-GBP,Mask Network,1.369,10.76051779935275,MASK,GBP
PNG-USDC,Pangolin,0.19551,10.14647887323944,PNG,USDC
PNG-USD,Pangolin,0.19551,10.14647887323944,PNG,USD
MASK-USD,Mask Network,1.85,10.11904761904762,MASK,USD
MASK-USDC,Mask Network,1.85,10.11904761904762,MASK,USDC
OCEAN-USD,Ocean Protocol,0.3953,8.68847951608469,OCEAN,USD
OCEAN-USDC,Ocean Protocol,0.3953,8.68847951608469,OCEAN,USDC
ALEPH-USDC,Aleph Cloud,0.0713,8.19423368740516,ALEPH,USDC
ALEPH-USD,Aleph Cloud,0.0713,8.19423368740516,ALEPH,USD
TOSHI-USD,Toshi,0.0007242,8.07342187733174,TOSHI,USD
TOSHI-USDC,Toshi,0.0007242,8.07342187733174,TOSHI,USDC
ATH-USD,Aethir,0.05309,7.46963562753036,ATH,USD
ATH-USDC,Aethir,0.05309,7.46963562753036,ATH,USDC
KAITO-USDC,Kaito,2.0304,6.44856873230576,KAITO,USDC
KAITO-USD,Kaito,2.0304,6.44856873230576,KAITO,USD
UNI-GBP,Uniswap,4.77,5.53097345132743,UNI,GBP
INV-USDC,Inverse Finance,28.78,4.88338192419825,INV,USDC
INV-USD,Inverse Finance,28.78,4.88338192419825,INV,USD
UNI-EUR,Uniswap,5.67,4.80591497227357,UNI,EUR
TRAC-USDC,OriginTrail,0.479,4.74524382243604,TRAC,USDC
TRAC-USD,OriginTrail,0.479,4.74524382243604,TRAC,USD
UNI-USD,Uniswap,6.457,4.58373825720764,UNI,USD
UNI-USDC,Uniswap,6.457,4.58373825720764,UNI,USDC
SYN-USDC,Synapse,0.231,4.52488687782805,SYN,USDC
SYN-USD,Synapse,0.231,4.52488687782805,SYN,USD
WCFG-USDC,Wrapped Centrifuge,0.238,4.3859649122807,WCFG,USDC
WCFG-USD,Wrapped Centrifuge,0.238,4.3859649122807,WCFG,USD
SAFE-USD,Safe,0.5664,4.21343146274149,SAFE,USD
SAFE-USDC,Safe,0.5664,4.21343146274149,SAFE,USDC
DOGINME-USD,doginme,0.000783,4.08081882227835,DOGINME,USD
DOGINME-USDC,doginme,0.000783,4.08081882227835,DOGINME,USDC
UNI-BTC,Uniswap,0.0000591,4.04929577464789,UNI,BTC
TRB-USDC,Tellor,33.02,3.60840916222152,TRB,USDC
TRB-USD,Tellor,33.02,3.60840916222152,TRB,USD
BADGER-USDC,Badger DAO,1.23,3.36134453781513,BADGER,USDC
BADGER-USD,Badger DAO,1.23,3.36134453781513,BADGER,USD
ROSE-USDT,Oasis Network,0.0331,3.11526479750779,ROSE,USDT
FET-USDT,Artificial Superintelligence Alliance,0.8673,3.11496849363928,FET,USDT
FET-USD,Artificial Superintelligence Alliance,0.8675,3.07747148288973,FET,USD
FET-USDC,Artificial Superintelligence Alliance,0.8675,3.07747148288973,FET,USDC
L3-USD,Layer3,0.05118,3.04006442520636,L3,USD
L3-USDC,Layer3,0.05118,3.04006442520636,L3,USDC
HONEY-USDC,Hivemapper,0.0276,2.98507462686567,HONEY,USDC
HONEY-USD,Hivemapper,0.0276,2.98507462686567,HONEY,USD
KARRAT-USDC,Karrat,0.0623,2.97520661157025,KARRAT,USDC
KARRAT-USD,Karrat,0.0623,2.97520661157025,KARRAT,USD
AST-USDC,AirSwap,0.045,2.97482837528604,AST,USDC
AST-USD,AirSwap,0.045,2.97482837528604,AST,USD
INJ-USD,Injective,13.463,2.8337916284754,INJ,USD
INJ-USDC,Injective,13.463,2.8337916284754,INJ,USDC
OP-USDT,Optimism,0.763,2.83018867924528,OP,USDT
PRIME-USDC,Echelon Prime,3.393,2.78703423205089,PRIME,USDC
PRIME-USD,Echelon Prime,3.393,2.78703423205089,PRIME,USD
EOS-EUR,EOS,0.6834,2.72057718322561,EOS,EUR
AURORA-USD,Aurora,0.092,2.67857142857143,AURORA,USD
AURORA-USDC,Aurora,0.092,2.67857142857143,AURORA,USDC
CLANKER-USDC,tokenbot,31.21,2.63071358105886,CLANKER,USDC
CLANKER-USD,tokenbot,31.21,2.63071358105886,CLANKER,USD
WELL-USD,Moonwell,0.032861,2.61366475143642,WELL,USD
WELL-USDC,Moonwell,0.032861,2.61366475143642,WELL,USDC
ROSE-USD,Oasis Network,0.0331,2.22359481161211,ROSE,USD
ROSE-USDC,Oasis Network,0.0331,2.22359481161211,ROSE,USDC
KEYCAT-USD,Keyboard Cat,0.005631,2.08484408992023,KEYCAT,USD
KEYCAT-USDC,Keyboard Cat,0.005631,2.08484408992023,KEYCAT,USDC
DNT-USDC,district0x,0.0303,2.02020202020202,DNT,USDC
DNT-USD,district0x,0.0303,2.02020202020202,DNT,USD
MATH-USDC,MATH,0.1334,1.98776758409786,MATH,USDC
MATH-USD,MATH,0.1334,1.98776758409786,MATH,USD
VELO-USD,Velodrome Finance,0.05874,1.97916666666667,VELO,USD
VELO-USDC,Velodrome Finance,0.05874,1.97916666666667,VELO,USDC
HFT-USDC,Hashflow,0.0725,1.9690576652602,HFT,USDC
HFT-USD,Hashflow,0.0725,1.9690576652602,HFT,USD
OP-USD,Optimism,0.758,1.88172043010753,OP,USD
OP-USDC,Optimism,0.758,1.88172043010753,OP,USDC
SEAM-USD,Seamless,0.4774,1.87793427230047,SEAM,USD
SEAM-USDC,Seamless,0.4774,1.87793427230047,SEAM,USDC
SD-USDC,Stader,0.5434,1.79842637692019,SD,USDC
SD-USD,Stader,0.5434,1.79842637692019,SD,USD
LRDS-USD,Blocklords,0.171,1.60427807486631,LRDS,USD
LRDS-USDC,Blocklords,0.171,1.60427807486631,LRDS,USDC
FAI-USDC,Freysa,0.01975,1.59465020576132,FAI,USDC
FAI-USD,Freysa,0.01975,1.59465020576132,FAI,USD
VARA-USD,Vara,0.00676,1.5015015015015,VARA,USD
VARA-USDC,Vara,0.00676,1.5015015015015,VARA,USDC
RONIN-USD,Ronin,0.694,1.46198830409357,RONIN,USD
RONIN-USDC,Ronin,0.694,1.46198830409357,RONIN,USDC
OXT-USD,Orchid,0.0625,1.46103896103896,OXT,USD
OXT-USDC,Orchid,0.0625,1.46103896103896,OXT,USDC
WIF-USDC,dogwifhat,1.119,1.4505893019039,WIF,USDC
WIF-USD,dogwifhat,1.119,1.4505893019039,WIF,USD
INDEX-USD,Index Cooperative,1.4,1.44927536231884,INDEX,USD
INDEX-USDC,Index Cooperative,1.4,1.44927536231884,INDEX,USDC
RBN-USDC,Ribbon Finance,0.14815,1.41703176341731,RBN,USDC
RBN-USD,Ribbon Finance,0.14815,1.41703176341731,RBN,USD
1INCH-USDC,1inch,0.23,1.3215859030837,1INCH,USDC
1INCH-USD,1inch,0.23,1.3215859030837,1INCH,USD
LCX-USDC,LCX,0.1358,1.26771066368382,LCX,USDC
LCX-USD,LCX,0.1358,1.26771066368382,LCX,USD
NEON-USDC,Neon EVM,0.13724,1.26171327381392,NEON,USDC
NEON-USD,Neon EVM,0.13724,1.26171327381392,NEON,USD
APT-USDT,Aptos,5.3,1.14503816793893,APT,USDT
STG-USDC,Stargate Finance,0.1946,1.14345114345114,STG,USDC
STG-USD,Stargate Finance,0.1946,1.14345114345114,STG,USD
APE-EUR,ApeCoin,0.575,1.05448154657293,APE,EUR
CVX-USD,Convex Finance,3.191,1.04496516782774,CVX,USD
CVX-USDC,Convex Finance,3.191,1.04496516782774,CVX,USDC
LDO-USDC,Lido DAO Token,0.883,1.02974828375286,LDO,USDC
LDO-USD,Lido DAO Token,0.883,1.02974828375286,LDO,USD
1INCH-EUR,1inch,0.2,1.01010101010101,1INCH,EUR
EIGEN-USDC,EigenLayer,1.438,0.98314606741573,EIGEN,USDC
EIGEN-USD,EigenLayer,1.438,0.98314606741573,EIGEN,USD
APE-USDT,ApeCoin,0.653,0.9273570324575,APE,USDT
APE-USDC,ApeCoin,0.653,0.9273570324575,APE,USDC
APE-USD,ApeCoin,0.653,0.9273570324575,APE,USD
BOBA-USD,Boba Network,0.1001,0.90725806451613,BOBA,USD
BOBA-USDC,Boba Network,0.1001,0.90725806451613,BOBA,USDC
ASM-USD,Assemble AI,0.02297,0.87834870443566,ASM,USD
ASM-USDC,Assemble AI,0.02297,0.87834870443566,ASM,USDC
SUPER-USDC,SuperVerse,0.80052,0.8770603357024,SUPER,USDC
SUPER-USD,SuperVerse,0.80052,0.8770603357024,SUPER,USD
MLN-USD,Enzyme,8.22,0.85889570552147,MLN,USD
MLN-USDC,Enzyme,8.22,0.85889570552147,MLN,USDC
VOXEL-USDC,Voxies,0.072,0.84033613445378,VOXEL,USDC
SKL-USDC,SKALE,0.024,0.84033613445378,SKL,USDC
VOXEL-USD,Voxies,0.072,0.84033613445378,VOXEL,USD
SKL-USD,SKALE,0.024,0.84033613445378,SKL,USD
HOPR-USDC,HOPR,0.049,0.82304526748971,HOPR,USDC
HOPR-USD,HOPR,0.049,0.82304526748971,HOPR,USD
DEGEN-USDC,Degen,0.00555,0.78082440530234,DEGEN,USDC
DEGEN-USD,Degen,0.00555,0.78082440530234,DEGEN,USD
TIA-USDC,Celestia,2.585,0.77972709551657,TIA,USDC
TIA-USD,Celestia,2.585,0.77972709551657,TIA,USD
BAL-USDC,Balancer,1.1638,0.74445983379501,BAL,USDC
BAL-USD,Balancer,1.1638,0.74445983379501,BAL,USD
LPT-USDC,Livepeer,5.46,0.7380073800738,LPT,USDC
LPT-USD,Livepeer,5.46,0.7380073800738,LPT,USD
C98-USDC,Coin98,0.059,0.68259385665529,C98,USDC
C98-USD,Coin98,0.059,0.68259385665529,C98,USD
ILV-USDC,Illuvium,13.95,0.64935064935065,ILV,USDC
ILV-USD,Illuvium,13.95,0.64935064935065,ILV,USD
API3-USD,Api3,0.78,0.64516129032258,API3,USD
API3-USDC,Api3,0.78,0.64516129032258,API3,USDC
CRO-USDT,Cronos,0.097,0.62240663900415,CRO,USDT
1INCH-GBP,1inch,0.168,0.59880239520958,1INCH,GBP
ACS-USD,Access,0.0013892,0.59377262853005,ACS,USD
ACS-USDC,Access,0.0013892,0.59377262853005,ACS,USDC
POLS-USDC,Polkastarter,0.2298,0.56892778993435,POLS,USDC
POLS-USD,Polkastarter,0.2298,0.56892778993435,POLS,USD
DEXT-USDC,DEXTools,0.307,0.55682934818212,DEXT,USDC
DEXT-USD,DEXTools,0.307,0.55682934818212,DEXT,USD
ATOM-USDT,Cosmos,4.817,0.54268419954081,ATOM,USDT
MNDE-USD,Marinade,0.13094,0.52975047984645,MNDE,USD
MNDE-USDC,Marinade,0.13094,0.52975047984645,MNDE,USDC
IOTX-USD,IoTeX,0.02666,0.52790346907994,IOTX,USD
IOTX-USDC,IoTeX,0.02666,0.52790346907994,IOTX,USDC
CRO-USD,Cronos,0.0968,0.51921079958463,CRO,USD
CRO-USDC,Cronos,0.0968,0.51921079958463,CRO,USDC
PEPE-USDC,Pepe,0.00001376,0.51132213294375,PEPE,USDC
PEPE-USD,Pepe,0.00001376,0.51132213294375,PEPE,USD
FORTH-USDC,Ampleforth Governance Token,2.4798,0.49440752147836,FORTH,USDC
FORTH-USD,Ampleforth Governance Token,2.4798,0.49440752147836,FORTH,USD
ETH-USDC,Ethereum,2559.3,0.45610123720404,ETH,USDC
ETH-USD,Ethereum,2559.3,0.45610123720404,ETH,USD
ETH-DAI,Ethereum,2559.35,0.4300754594077,ETH,DAI
ETH-USDT,Ethereum,2558.15,0.42042207078479,ETH,USDT
OMNI-USDC,Omni Network,2.701,0.4089219330855,OMNI,USDC
OMNI-USD,Omni Network,2.701,0.4089219330855,OMNI,USD
MANTLE-USDC,Mantle,0.7369,0.39509536784741,MANTLE,USDC
MANTLE-USD,Mantle,0.7369,0.39509536784741,MANTLE,USD
YFI-BTC,yearn.finance,0.0511,0.39292730844794,YFI,BTC
SNX-USD,Synthetix Network Token,0.767,0.39267015706806,SNX,USD
SNX-USDC,Synthetix Network Token,0.767,0.39267015706806,SNX,USDC
CBETH-USDC,Coinbase Wrapped Staked ETH,2812.95,0.38792611203106,CBETH,USDC
CBETH-USD,Coinbase Wrapped Staked ETH,2812.95,0.38792611203106,CBETH,USD
DOGE-USDC,Dogecoin,0.22565,0.38257929623204,DOGE,USDC
DOGE-USD,Dogecoin,0.22565,0.38257929623204,DOGE,USD
BTRST-USDC,Braintrust,0.269,0.37313432835821,BTRST,USDC
BTRST-USD,Braintrust,0.269,0.37313432835821,BTRST,USD
CLV-USDC,Clover Finance,0.0275,0.36496350364964,CLV,USDC
CLV-USD,Clover Finance,0.0275,0.36496350364964,CLV,USD
EGLD-USD,MultiversX,17.86,0.33707865168539,EGLD,USD
EGLD-USDC,MultiversX,17.86,0.33707865168539,EGLD,USDC
KAVA-USD,Kava,0.4228,0.33222591362126,KAVA,USD
KAVA-USDC,Kava,0.4228,0.33222591362126,KAVA,USDC
RED-USDC,Redstone,0.4151,0.31416143064282,RED,USDC
RED-USD,Redstone,0.4151,0.31416143064282,RED,USD
SNX-EUR,Synthetix Network Token,0.674,0.29761904761905,SNX,EUR
SWFTC-USDC,SwftCoin,0.014136,0.2908832919475,SWFTC,USDC
SWFTC-USD,SwftCoin,0.014136,0.2908832919475,SWFTC,USD
ETH-EUR,Ethereum,2246.85,0.28520928737848,ETH,EUR
CHZ-EUR,Chiliz,0.0382,0.26246719160105,CHZ,EUR
GRT-GBP,The Graph,0.081,0.24752475247525,GRT,GBP
LSETH-USD,Liquid Staked ETH,2756.41,0.24147474152384,LSETH,USD
LSETH-USDC,Liquid Staked ETH,2756.41,0.24147474152384,LSETH,USDC
YFI-USD,yearn.finance,5588.13,0.23749347520758,YFI,USD
YFI-USDC,yearn.finance,5588.13,0.23749347520758,YFI,USDC
DOGE-USDT,Dogecoin,0.2252,0.2225189141077,DOGE,USDT
BTC-USDC,Bitcoin,109330.33,0.21847616859863,BTC,USDC
BTC-USD,Bitcoin,109330.33,0.21847616859863,BTC,USD
ETH-BTC,Ethereum,0.02341,0.21404109589041,ETH,BTC
GRT-EUR,The Graph,0.0963,0.20811654526535,GRT,EUR
BTC-USDT,Bitcoin,109278.9,0.20660484446225,BTC,USDT
ELA-USDC,Elastos,1.456,0.20646937370957,ELA,USDC
ELA-USD,Elastos,1.456,0.20646937370957,ELA,USD
ETH-GBP,Ethereum,1886.03,0.18432347441781,ETH,GBP
EURC-USDC,EURC,1.1391,0.16707703130496,EURC,USDC
PAX-USD,Paxos Standard,0.9993,0.16036884835121,PAX,USD
PAX-USDC,Paxos Standard,0.9993,0.16036884835121,PAX,USDC
ORCA-USDC,Orca,2.7313,0.15400975395108,ORCA,USDC
ORCA-USD,Orca,2.7313,0.15400975395108,ORCA,USD
DOGE-EUR,Dogecoin,0.198,0.15174506828528,DOGE,EUR
PAXG-USDC,PAX Gold,3364.05,0.15064051991819,PAXG,USDC
PAXG-USD,PAX Gold,3364.05,0.15064051991819,PAXG,USD
KNC-USDC,Kyber Network,0.3611,0.13865779256794,KNC,USDC
KNC-USD,Kyber Network,0.3611,0.13865779256794,KNC,USD
ABT-USDC,Arcblock,0.9623,0.13527575442248,ABT,USDC
ABT-USD,Arcblock,0.9623,0.13527575442248,ABT,USD
DOGE-GBP,Dogecoin,0.1663,0.12040939193257,DOGE,GBP
OGN-USDC,Origin Token,0.0646,0.10847667751433,OGN,USDC
OGN-USD,Origin Token,0.0646,0.10847667751433,OGN,USD
SHPING-USDC,SHPING,0.006426,0.09345794392523,SHPING,USDC
SHPING-USD,SHPING,0.006426,0.09345794392523,SHPING,USD
GRT-USDC,The Graph,0.1096,0.09132420091324,GRT,USDC
GRT-USD,The Graph,0.1096,0.09132420091324,GRT,USD
BTC-EUR,Bitcoin,95976.13,0.05168537803142,BTC,EUR
USDT-USD,Tether,1.00037,0.00399868043546,USDT,USD
CBETH-ETH,Coinbase Wrapped Staked ETH,1.09961,0.00363778567986,CBETH,ETH
DOGE-BTC,Dogecoin,0.00000206,0.0,DOGE,BTC
TIME-USD,Chrono.tech,12.78,0.0,TIME,USD
RARI-USDC,Rarible,1.18,0.0,RARI,USDC
CGLD-EUR,Celo,0.33,0.0,CGLD,EUR
DAI-USD,Dai,0.9999,0.0,DAI,USD
DAI-USDC,Dai,0.9999,0.0,DAI,USDC
ALCX-USD,Alchemix,9.6,0.0,ALCX,USD
FORT-USD,Forta,0.0677,0.0,FORT,USD
FORT-USDC,Forta,0.0677,0.0,FORT,USDC
ALCX-USDC,Alchemix,9.6,0.0,ALCX,USDC
TIME-USDC,Chrono.tech,12.78,0.0,TIME,USDC
RARI-USD,Rarible,1.18,0.0,RARI,USD
PLU-USDC,Pluton,0.76,0.0,PLU,USDC
APT-USDC,Aptos,5.28,0.0,APT,USDC
PLU-USD,Pluton,0.76,0.0,PLU,USD
APT-USD,Aptos,5.28,0.0,APT,USD
ADA-BTC,Cardano,0.00000694,0.0,ADA,BTC
LSETH-ETH,Liquid Staked ETH,1.07874,-0.00185398049613,LSETH,ETH
USDT-USDC,Tether,1.0004,-0.00999500249875,USDT,USDC
GFI-USDC,Goldfinch Protocol,0.8721,-0.0343878954608,GFI,USDC
GFI-USD,Goldfinch Protocol,0.8721,-0.0343878954608,GFI,USD
VET-USDC,vechain,0.02737,-0.03652300949598,VET,USDC
VET-USD,vechain,0.02737,-0.03652300949598,VET,USD
BTC-GBP,Bitcoin,80590.33,-0.04892733181214,BTC,GBP
MAGIC-USDC,MAGIC,0.1611,-0.06203473945409,MAGIC,USDC
MAGIC-USD,MAGIC,0.1611,-0.06203473945409,MAGIC,USD
CRO-EUR,Cronos,0.0848,-0.11778563015312,CRO,EUR
EOS-USDC,EOS,0.7601,-0.14450867052023,EOS,USDC
EOS-USD,EOS,0.7601,-0.14450867052023,EOS,USD
USDC-EUR,USDC,0.8779,-0.14786169244768,USDC,EUR
USDT-EUR,Tether,0.8782,-0.16029831402553,USDT,EUR
RARE-USD,SuperRare,0.0618,-0.16155088852989,RARE,USD
RARE-USDC,SuperRare,0.0618,-0.16155088852989,RARE,USDC
ETHFI-USD,ether.fi,1.231,-0.16220600162206,ETHFI,USD
ETHFI-USDC,ether.fi,1.231,-0.16220600162206,ETHFI,USDC
SEI-USD,Sei,0.22,-0.18148820326679,SEI,USD
SEI-USDC,Sei,0.22,-0.18148820326679,SEI,USDC
USDT-GBP,Tether,0.7373,-0.21653809717147,USDT,GBP
LINK-BTC,Chainlink,0.00014192,-0.21795683048583,LINK,BTC
A8-USDC,Ancient8,0.1311,-0.22831050228311,A8,USDC
A8-USD,Ancient8,0.1311,-0.22831050228311,A8,USD
USDC-GBP,USDC,0.7371,-0.23010286951814,USDC,GBP
PRO-USDC,Propy,1.07,-0.23310023310023,PRO,USDC
PRO-USD,Propy,1.07,-0.23310023310023,PRO,USD
IP-USD,Story,4.229,-0.23590469450342,IP,USD
IP-USDC,Story,4.229,-0.23590469450342,IP,USDC
DIA-USD,DIA,0.46023,-0.23627850515911,DIA,USD
DIA-USDC,DIA,0.46023,-0.23627850515911,DIA,USDC
ZRX-USD,0x Protocol,0.258853,-0.24855682895437,ZRX,USD
ZRX-USDC,0x Protocol,0.258853,-0.24855682895437,ZRX,USDC
SOL-USDC,Solana,174.48,-0.25724575544504,SOL,USDC
SOL-USD,Solana,174.48,-0.25724575544504,SOL,USD
LINK-USDT,Chainlink,15.46,-0.25806451612903,LINK,USDT
SOL-USDT,Solana,174.49,-0.26293226636182,SOL,USDT
T-USDC,Threshold,0.01722,-0.28951939779965,T,USDC
T-USD,Threshold,0.01722,-0.28951939779965,T,USD
FLOKI-USDC,FLOKI,0.0000973,-0.30737704918033,FLOKI,USDC
FLOKI-USD,FLOKI,0.0000973,-0.30737704918033,FLOKI,USD
CHZ-GBP,Chiliz,0.0319,-0.3125,CHZ,GBP
KRL-USD,Kryll,0.3493,-0.31392694063927,KRL,USD
KRL-USDC,Kryll,0.3493,-0.31392694063927,KRL,USDC
KERNEL-USDC,KernelDAO,0.1784,-0.33519553072626,KERNEL,USDC
KERNEL-USD,KernelDAO,0.1784,-0.33519553072626,KERNEL,USD
DIMO-USD,DIMO,0.0643,-0.35642336897567,DIMO,USD
DIMO-USDC,DIMO,0.0643,-0.35642336897567,DIMO,USDC
ALT-USDC,Altlayer,0.03174,-0.37664783427495,ALT,USDC
ALT-USD,Altlayer,0.03174,-0.37664783427495,ALT,USD
AIOZ-USDC,AIOZ Network,0.4305,-0.39333641832485,AIOZ,USDC
AIOZ-USD,AIOZ Network,0.4305,-0.39333641832485,AIOZ,USD
SOL-EUR,Solana,153.24,-0.39649008774781,SOL,EUR
ATOM-BTC,Cosmos,0.0000437,-0.45558086560364,ATOM,BTC
CHZ-USDC,Chiliz,0.0433,-0.45977011494253,CHZ,USDC
CHZ-USD,Chiliz,0.0433,-0.45977011494253,CHZ,USD
ADA-USD,Cardano,0.7562,-0.46070817427932,ADA,USD
ADA-USDC,Cardano,0.7562,-0.46070817427932,ADA,USDC
ADA-USDT,Cardano,0.7557,-0.46101159114858,ADA,USDT
ENS-EUR,Ethereum Name Service,19.32,-0.46367851622875,ENS,EUR
SOL-GBP,Solana,128.65,-0.4642166344294,SOL,GBP
SOL-BTC,Solana,0.0015961,-0.46769768021951,SOL,BTC
LINK-USD,Chainlink,15.482,-0.4693024750884,LINK,USD
LINK-USDC,Chainlink,15.482,-0.4693024750884,LINK,USDC
DRIFT-USDC,Drift Protocol,0.626,-0.47694753577107,DRIFT,USDC
DRIFT-USD,Drift Protocol,0.626,-0.47694753577107,DRIFT,USD
PERP-USDC,Perpetual Protocol,0.2695,-0.48005908419498,PERP,USDC
PERP-USD,Perpetual Protocol,0.2695,-0.48005908419498,PERP,USD
CORECHAIN-USD,Core,0.811,-0.49079754601227,CORECHAIN,USD
CORECHAIN-USDC,Core,0.811,-0.49079754601227,CORECHAIN,USDC
RLC-USD,iExec RLC,1.1622,-0.49657534246575,RLC,USD
RLC-USDC,iExec RLC,1.1622,-0.49657534246575,RLC,USDC
AERO-USDC,Aerodrome Finance,0.58887,-0.51191079574252,AERO,USDC
AERO-USD,Aerodrome Finance,0.58887,-0.51191079574252,AERO,USD
JASMY-USDT,Jasmy,0.01741,-0.51428571428571,JASMY,USDT
AUDIO-USD,Audius,0.0752,-0.52910052910053,AUDIO,USD
AUDIO-USDC,Audius,0.0752,-0.52910052910053,AUDIO,USDC
ENS-USDT,Ethereum Name Service,21.96,-0.54347826086957,ENS,USDT
SOL-ETH,Solana,0.06818,-0.58326042578011,SOL,ETH
AVT-USDC,Aventus,1.69,-0.58823529411765,AVT,USDC
AVT-USD,Aventus,1.69,-0.58823529411765,AVT,USD
AAVE-USDC,Aave,267.9,-0.59369202226345,AAVE,USDC
AAVE-USD,Aave,267.9,-0.59369202226345,AAVE,USD
MUSE-USDC,Muse,8.52,-0.59502975148757,MUSE,USDC
MUSE-USD,Muse,8.52,-0.59502975148757,MUSE,USD
SUKU-USD,SUKU,0.0331,-0.6006006006006,SUKU,USD
SUKU-USDC,SUKU,0.0331,-0.6006006006006,SUKU,USDC
LINK-GBP,Chainlink,11.42,-0.60922541340296,LINK,GBP
STRK-USDC,Starknet Token,0.156,-0.63694267515924,STRK,USDC
STRK-USD,Starknet Token,0.156,-0.63694267515924,STRK,USD
AAVE-EUR,Aave,235.22,-0.63785747476028,AAVE,EUR
AXS-USDT,Axie Infinity,2.801,-0.63852429939695,AXS,USDT
AXS-USD,Axie Infinity,2.801,-0.63852429939695,AXS,USD
AXS-USDC,Axie Infinity,2.801,-0.63852429939695,AXS,USDC
ADA-EUR,Cardano,0.6637,-0.6437125748503,ADA,EUR
OSMO-USDC,Osmosis,0.2313,-0.64432989690722,OSMO,USDC
OSMO-USD,Osmosis,0.2313,-0.64432989690722,OSMO,USD
STX-USDT,Stacks,0.8753,-0.64699205448354,STX,USDT
GHST-USDC,Aavegotchi,0.458,-0.65075921908894,GHST,USDC
GHST-USD,Aavegotchi,0.458,-0.65075921908894,GHST,USD
ATOM-GBP,Cosmos,3.505,-0.65192743764172,ATOM,GBP
AKT-USD,Akash Network,1.517,-0.65487884741323,AKT,USD
AKT-USDC,Akash Network,1.517,-0.65487884741323,AKT,USDC
LINK-EUR,Chainlink,13.57,-0.6588579795022,LINK,EUR
PRCL-USDC,Parcl,0.1037,-0.67049808429119,PRCL,USDC
PRCL-USD,Parcl,0.1037,-0.67049808429119,PRCL,USD
ADA-ETH,Cardano,0.000295,-0.67340067340067,ADA,ETH
AUCTION-USD,Bounce Token,11.76,-0.67567567567568,AUCTION,USD
AUCTION-USDC,Bounce Token,11.76,-0.67567567567568,AUCTION,USDC
ADA-GBP,Cardano,0.5573,-0.67724113348779,ADA,GBP
ARB-USDC,Arbitrum,0.3905,-0.68667344862665,ARB,USDC
ARB-USD,Arbitrum,0.3905,-0.68667344862665,ARB,USD
COMP-USD,Compound,41.91,-0.68720379146919,COMP,USD
COMP-USDC,Compound,41.91,-0.68720379146919,COMP,USDC
CHZ-USDT,Chiliz,0.0433,-0.68807339449541,CHZ,USDT
SHIB-USDT,SHIBA INU,0.0000144,-0.68965517241379,SHIB,USDT
FX-USD,Function X,0.1856,-0.69555912252541,FX,USD
FX-USDC,Function X,0.1856,-0.69555912252541,FX,USDC
PUNDIX-USD,Pundi X (New),0.3825,-0.72670646249676,PUNDIX,USD
PUNDIX-USDC,Pundi X (New),0.3825,-0.72670646249676,PUNDIX,USDC
ZEN-USD,Horizen,9.416,-0.72746441750132,ZEN,USD
ZEN-USDC,Horizen,9.416,-0.72746441750132,ZEN,USDC
MSOL-USDC,Marinade Staked SOL,225.33,-0.73568281938326,MSOL,USDC
MSOL-USD,Marinade Staked SOL,225.33,-0.73568281938326,MSOL,USD
ETC-GBP,Ethereum Classic,13.46,-0.73746312684366,ETC,GBP
RNDR-EUR,Render (ERC-20),4.161,-0.76317672310995,RNDR,EUR
ETC-USDC,Ethereum Classic,18.16,-0.76502732240437,ETC,USDC
ETC-USD,Ethereum Classic,18.16,-0.76502732240437,ETC,USD
AXS-BTC,Axie Infinity,0.0000257,-0.77220077220077,AXS,BTC
IDEX-USDC,IDEX,0.0246,-0.80645161290323,IDEX,USDC
IDEX-USD,IDEX,0.0246,-0.80645161290323,IDEX,USD
AXS-EUR,Axie Infinity,2.46,-0.80645161290323,AXS,EUR
CGLD-USD,Celo,0.368,-0.80862533692722,CGLD,USD
CGLD-USDC,Celo,0.368,-0.80862533692722,CGLD,USDC
STX-USD,Stacks,0.8777,-0.82485875706215,STX,USD
STX-USDC,Stacks,0.8777,-0.82485875706215,STX,USDC
ZRO-USD,LayerZero,2.689,-0.84808259587021,ZRO,USD
ZRO-USDC,LayerZero,2.689,-0.84808259587021,ZRO,USDC
FARM-USD,Harvest Finance,30.38,-0.84856396866841,FARM,USD
FARM-USDC,Harvest Finance,30.38,-0.84856396866841,FARM,USDC
LINK-ETH,Chainlink,0.0060495,-0.85176195244752,LINK,ETH
SNX-GBP,Synthetix Network Token,0.566,-0.87565674255692,SNX,GBP
CTX-USD,Cryptex Finance,1.8495,-0.87893241867195,CTX,USD
CTX-USDC,Cryptex Finance,1.8495,-0.87893241867195,CTX,USDC
BNT-USD,Bancor Network Token,0.6958,-0.88319088319088,BNT,USD
BNT-USDC,Bancor Network Token,0.6958,-0.88319088319088,BNT,USDC
GMT-USDT,STEPN,0.0561,-0.88339222614841,GMT,USDT
DASH-USDC,Dash,23.43,-0.88832487309645,DASH,USDC
DASH-USD,Dash,23.43,-0.88832487309645,DASH,USD
AAVE-BTC,Aave,0.002448,-0.89068825910931,AAVE,BTC
DOT-GBP,Polkadot,3.29,-0.90361445783133,DOT,GBP
CRV-USD,Curve DAO Token,0.7555,-0.93102543928665,CRV,USD
CRV-USDC,Curve DAO Token,0.7555,-0.93102543928665,CRV,USDC
VTHO-USD,VeThor Token,0.002443,-0.93268450932685,VTHO,USD
VTHO-USDC,VeThor Token,0.002443,-0.93268450932685,VTHO,USDC
ME-USDC,Magic Eden,0.954,-0.93457943925234,ME,USDC
ME-USD,Magic Eden,0.954,-0.93457943925234,ME,USD
SPA-USDC,Sperax,0.017423,-0.94377167547899,SPA,USDC
SPA-USD,Sperax,0.017423,-0.94377167547899,SPA,USD
HIGH-USDC,Highstreet,0.627,-0.9478672985782,HIGH,USDC
HIGH-USD,Highstreet,0.627,-0.9478672985782,HIGH,USD
CTSI-USD,Cartesi,0.0729,-0.95108695652174,CTSI,USD
CTSI-USDC,Cartesi,0.0729,-0.95108695652174,CTSI,USDC
PYTH-USD,Pyth Network,0.1339,-0.96153846153846,PYTH,USD
PYTH-USDC,Pyth Network,0.1339,-0.96153846153846,PYTH,USDC
SHIB-USD,SHIBA INU,0.00001437,-0.96485182632667,SHIB,USD
SHIB-USDC,SHIBA INU,0.00001437,-0.96485182632667,SHIB,USDC
FIL-GBP,Filecoin,2.05,-0.96618357487923,FIL,GBP
ANKR-GBP,Ankr,0.01324,-0.97232610321616,ANKR,GBP
AAVE-GBP,Aave,196.94,-0.98541980894922,AAVE,GBP
CRV-EUR,Curve DAO Token,0.6636,-1.01431980906921,CRV,EUR
FOX-USDC,Shapeshift FOX Token,0.0292,-1.01694915254237,FOX,USDC
FOX-USD,Shapeshift FOX Token,0.0292,-1.01694915254237,FOX,USD
TAO-USD,Bittensor,430.78,-1.02244790110976,TAO,USD
TAO-USDC,Bittensor,430.78,-1.02244790110976,TAO,USDC
ZEC-USDC,Zcash,54.05,-1.02545321369713,ZEC,USDC
ZEC-USD,Zcash,54.05,-1.02545321369713,ZEC,USD
CRV-GBP,Curve DAO Token,0.555,-1.03423680456491,CRV,GBP
ENS-USDC,Ethereum Name Service,21.94,-1.03743797925124,ENS,USDC
ENS-USD,Ethereum Name Service,21.94,-1.03743797925124,ENS,USD
ALEO-USD,Aleo,0.19,-1.04166666666667,ALEO,USD
ALEO-USDC,Aleo,0.19,-1.04166666666667,ALEO,USDC
GST-USD,Green Satoshi Token,0.00883,-1.04225036422728,GST,USD
GST-USDC,Green Satoshi Token,0.00883,-1.04225036422728,GST,USDC
XLM-USD,Stellar Lumens,0.284669,-1.04664905450501,XLM,USD
XLM-USDC,Stellar Lumens,0.284669,-1.04664905450501,XLM,USDC
CVC-USDC,Civic,0.1404,-1.05708245243129,CVC,USDC
CVC-USD,Civic,0.1404,-1.05708245243129,CVC,USD
00-USD,00 Token,0.0187,-1.05820105820106,00,USD
00-USDC,00 Token,0.0187,-1.05820105820106,00,USDC
WAXL-USD,Wrapped Axelar,0.3526,-1.0662177328844,WAXL,USD
WAXL-USDC,Wrapped Axelar,0.3526,-1.0662177328844,WAXL,USDC
SAND-USD,The Sandbox,0.3039,-1.07421875,SAND,USD
SAND-USDC,The Sandbox,0.3039,-1.07421875,SAND,USDC
ALICE-USDC,MyNeighborAlice,0.46,-1.0752688172043,ALICE,USDC
ALICE-USD,MyNeighborAlice,0.46,-1.0752688172043,ALICE,USD
ATOM-USDC,Cosmos,4.763,-1.07995846313603,ATOM,USDC
ATOM-USD,Cosmos,4.763,-1.07995846313603,ATOM,USD
BAND-USD,Band Protocol,0.728,-1.08695652173913,BAND,USD
BAND-USDC,Band Protocol,0.728,-1.08695652173913,BAND,USDC
XLM-EUR,Stellar Lumens,0.249798,-1.10691465355472,XLM,EUR
FLR-USD,Flare,0.01862,-1.11524163568773,FLR,USD
FLR-USDC,Flare,0.01862,-1.11524163568773,FLR,USDC
ACH-USD,Alchemy Pay,0.023574,-1.11577181208054,ACH,USD
ACH-USDC,Alchemy Pay,0.023574,-1.11577181208054,ACH,USDC
NCT-USDC,PolySwarm,0.02121,-1.11888111888112,NCT,USDC
NCT-USD,PolySwarm,0.02121,-1.11888111888112,NCT,USD
RENDER-USD,Render,4.72,-1.13112693757855,RENDER,USD
RENDER-USDC,Render,4.72,-1.13112693757855,RENDER,USDC
MKR-USDC,Maker,1624.53,-1.1361976630964,MKR,USDC
MKR-USD,Maker,1624.53,-1.1361976630964,MKR,USD
ALGO-USD,Algorand,0.2175,-1.13636363636364,ALGO,USD
ALGO-USDC,Algorand,0.2175,-1.13636363636364,ALGO,USDC
XLM-BTC,Stellar Lumens,0.00000261,-1.13636363636364,XLM,BTC
SAND-USDT,The Sandbox,0.3035,-1.1400651465798,SAND,USDT
LTC-BTC,Litecoin,0.000866,-1.14155251141553,LTC,BTC
TRUMP-USDC,OFFICIAL TRUMP,12.7,-1.16731517509728,TRUMP,USDC
TRUMP-USD,OFFICIAL TRUMP,12.7,-1.16731517509728,TRUMP,USD
SHIB-EUR,SHIBA INU,0.00001261,-1.17554858934169,SHIB,EUR
ETC-EUR,Ethereum Classic,15.96,-1.17647058823529,ETC,EUR
SPELL-USDC,Spell Token,0.0005963,-1.17666556181637,SPELL,USDC
SPELL-USD,Spell Token,0.0005963,-1.17666556181637,SPELL,USD
RNDR-USD,Render (ERC-20),4.7195,-1.17679083694537,RNDR,USD
RNDR-USDC,Render (ERC-20),4.7195,-1.17679083694537,RNDR,USDC
ETC-BTC,Ethereum Classic,0.000167,-1.18343195266272,ETC,BTC
ALGO-EUR,Algorand,0.1909,-1.19047619047619,ALGO,EUR
GNO-USD,Gnosis,132.36,-1.19438638399522,GNO,USD
GNO-USDC,Gnosis,132.36,-1.19438638399522,GNO,USDC
RNDR-USDT,Render (ERC-20),4.7183,-1.1957113540227,RNDR,USDT
PYR-USDC,Vulcan Forged PYR,1.156,-1.1965811965812,PYR,USDC
PYR-USD,Vulcan Forged PYR,1.156,-1.1965811965812,PYR,USD
TURBO-USD,Turbo,0.005174,-1.20297880465916,TURBO,USD
TURBO-USDC,Turbo,0.005174,-1.20297880465916,TURBO,USDC
ICP-GBP,Internet Computer,3.85,-1.20605594046703,ICP,GBP
DOT-BTC,Polkadot,0.0000408,-1.21065375302663,DOT,BTC
LTC-USDC,Litecoin,94.6,-1.21136173767753,LTC,USDC
LTC-USD,Litecoin,94.6,-1.21136173767753,LTC,USD
EDGE-USD,Definitive,0.12025,-1.22391982914408,EDGE,USD
EDGE-USDC,Definitive,0.12025,-1.22391982914408,EDGE,USDC
MDT-USDC,Measurable Data Token,0.02881,-1.23414466918067,MDT,USDC
MDT-USD,Measurable Data Token,0.02881,-1.23414466918067,MDT,USD
BLAST-USD,Blast,0.00315,-1.25391849529781,BLAST,USD
BLAST-USDC,Blast,0.00315,-1.25391849529781,BLAST,USDC
KSM-USDC,Kusama,18.08,-1.25614418350628,KSM,USDC
KSM-USD,Kusama,18.08,-1.25614418350628,KSM,USD
RSR-USDC,Reserve Rights,0.008478,-1.25786163522013,RSR,USDC
RSR-USD,Reserve Rights,0.008478,-1.25786163522013,RSR,USD
DOT-EUR,Polkadot,3.91,-1.26262626262626,DOT,EUR
LTC-EUR,Litecoin,83.03,-1.28403281417192,LTC,EUR
COMP-BTC,Compound,0.000383,-1.28865979381443,COMP,BTC
HNT-USDC,Helium,4.105,-1.29838903582592,HNT,USDC
HNT-USD,Helium,4.105,-1.29838903582592,HNT,USD
AMP-USD,Amp,0.00456,-1.2987012987013,AMP,USD
AMP-USDC,Amp,0.00456,-1.2987012987013,AMP,USDC
IMX-USDC,Immutable,0.6308,-1.2987012987013,IMX,USDC
IMX-USD,Immutable,0.6308,-1.2987012987013,IMX,USD
ATOM-EUR,Cosmos,4.174,-1.30054386379759,ATOM,EUR
SHIB-GBP,SHIBA INU,0.00001058,-1.30597014925373,SHIB,GBP
XLM-USDT,Stellar Lumens,0.284,-1.32036136205698,XLM,USDT
MKR-BTC,Maker,0.01481,-1.33244503664224,MKR,BTC
TNSR-USDC,Tensor,0.148,-1.33333333333333,TNSR,USDC
TNSR-USD,Tensor,0.148,-1.33333333333333,TNSR,USD
JTO-USDC,Jito,1.9398,-1.33767356695997,JTO,USDC
JTO-USD,Jito,1.9398,-1.33767356695997,JTO,USD
ALGO-GBP,Algorand,0.16,-1.35635018495684,ALGO,GBP
IMX-USDT,Immutable,0.6311,-1.35979993748046,IMX,USDT
XRP-USD,XRP,2.3067,-1.36406396989652,XRP,USD
XRP-USDC,XRP,2.3067,-1.36406396989652,XRP,USDC
ICP-USDC,Internet Computer,5.204,-1.36467020470053,ICP,USDC
ICP-USD,Internet Computer,5.204,-1.36467020470053,ICP,USD
LTC-GBP,Litecoin,69.74,-1.37180031112997,LTC,GBP
FIL-USDC,Filecoin,2.784,-1.38150903294368,FIL,USDC
FIL-USD,Filecoin,2.784,-1.38150903294368,FIL,USD
DASH-BTC,Dash,0.000214,-1.38248847926267,DASH,BTC
SNX-BTC,Synthetix Network Token,0.0000071,-1.38888888888889,SNX,BTC
GMT-USDC,STEPN,0.0562,-1.40350877192982,GMT,USDC
GMT-USD,STEPN,0.0562,-1.40350877192982,GMT,USD
STORJ-USD,Storj,0.288,-1.40362889421431,STORJ,USD
STORJ-USDC,Storj,0.288,-1.40362889421431,STORJ,USDC
LOKA-USD,League of Kingdoms Arena,0.0694,-1.42045454545455,LOKA,USD
LOKA-USDC,League of Kingdoms Arena,0.0694,-1.42045454545455,LOKA,USDC
UMA-USD,UMA,1.178,-1.42259414225941,UMA,USD
UMA-USDC,UMA,1.178,-1.42259414225941,UMA,USDC
CRV-BTC,Curve DAO Token,0.0000069,-1.42857142857143,CRV,BTC
GLM-USD,Golem,0.2615,-1.43234074632492,GLM,USD
GLM-USDC,Golem,0.2615,-1.43234074632492,GLM,USDC
BCH-USDC,Bitcoin Cash,414.72,-1.44018251818052,BCH,USDC
BCH-USD,Bitcoin Cash,414.72,-1.44018251818052,BCH,USD
ICP-USDT,Internet Computer,5.197,-1.44130476009862,ICP,USDT
ICP-BTC,Internet Computer,0.0000478,-1.44329896907216,ICP,BTC
CGLD-GBP,Celo,0.272,-1.44927536231884,CGLD,GBP
JASMY-USDC,Jasmy,0.01727,-1.48317170564746,JASMY,USDC
JASMY-USD,Jasmy,0.01727,-1.48317170564746,JASMY,USD
ALGO-BTC,Algorand,0.00000199,-1.48514851485149,ALGO,BTC
NMR-USD,Numeraire,8.62,-1.48571428571429,NMR,USD
NMR-USDC,Numeraire,8.62,-1.48571428571429,NMR,USDC
HBAR-USDT,Hedera,0.18509,-1.49547631718999,HBAR,USDT
POWR-USDC,Powerledger,0.1774,-1.49916712937257,POWR,USDC
POWR-USD,Powerledger,0.1774,-1.49916712937257,POWR,USD
XRP-USDT,XRP,2.3007,-1.52377691221162,XRP,USDT
ACX-USD,Across Protocol,0.2245,-1.53508771929825,ACX,USD
ACX-USDC,Across Protocol,0.2245,-1.53508771929825,ACX,USDC
DOT-USDT,Polkadot,4.45,-1.54867256637168,DOT,USDT
XRP-EUR,XRP,2.0246,-1.55117918794068,XRP,EUR
BCH-BTC,Bitcoin Cash,0.003795,-1.55642023346304,BCH,BTC
HBAR-USDC,Hedera,0.18516,-1.56299840510367,HBAR,USDC
HBAR-USD,Hedera,0.18516,-1.56299840510367,HBAR,USD
ZETA-USD,Zetachain,0.2514,-1.56617071260767,ZETA,USD
ZETA-USDC,Zetachain,0.2514,-1.56617071260767,ZETA,USDC
DOT-USD,Polkadot,4.454,-1.56906077348066,DOT,USD
DOT-USDC,Polkadot,4.454,-1.56906077348066,DOT,USDC
ONDO-USD,Ondo Finance,0.93578,-1.5755816399512,ONDO,USD
ONDO-USDC,Ondo Finance,0.93578,-1.5755816399512,ONDO,USDC
PIRATE-USD,Pirate Nation Token,0.0617,-1.59489633173844,PIRATE,USD
PIRATE-USDC,Pirate Nation Token,0.0617,-1.59489633173844,PIRATE,USDC
XYO-USDC,XYO,0.0123,-1.6,XYO,USDC
XYO-USD,XYO,0.0123,-1.6,XYO,USD
MINA-USD,Mina,0.245,-1.60642570281124,MINA,USD
ARPA-USDC,ARPA Chain,0.0245,-1.60642570281124,ARPA,USDC
MINA-USDC,Mina,0.245,-1.60642570281124,MINA,USDC
ARPA-USD,ARPA Chain,0.0245,-1.60642570281124,ARPA,USD
MINA-USDT,Mina,0.244,-1.61290322580645,MINA,USDT
MATIC-GBP,Polygon,0.1706,-1.61476355247982,MATIC,GBP
XTZ-USD,Tezos,0.609,-1.61550888529887,XTZ,USD
XTZ-USDC,Tezos,0.609,-1.61550888529887,XTZ,USDC
IO-USDC,io.net,0.974,-1.61616161616162,IO,USDC
IO-USD,io.net,0.974,-1.61616161616162,IO,USD
BAT-ETH,Basic Attention Token,0.00005527,-1.61979352082592,BAT,ETH
BCH-EUR,Bitcoin Cash,364.03,-1.64541229871393,BCH,EUR
BLUR-USD,Blur,0.1012,-1.65208940719145,BLUR,USD
BLUR-USDC,Blur,0.1012,-1.65208940719145,BLUR,USDC
NKN-USD,NKN,0.0349,-1.69014084507042,NKN,USD
NKN-USDC,NKN,0.0349,-1.69014084507042,NKN,USDC
ZETACHAIN-USD,Zetachain,0.2501,-1.69025157232704,ZETACHAIN,USD
ZETACHAIN-USDC,Zetachain,0.2501,-1.69025157232704,ZETACHAIN,USDC
FIL-BTC,Filecoin,0.00002551,-1.69556840077071,FIL,BTC
PENDLE-USDC,Pendle,4.346,-1.69644876724723,PENDLE,USDC
PENDLE-USD,Pendle,4.346,-1.69644876724723,PENDLE,USD
MOBILE-USD,Helium Mobile,0.000516,-1.71428571428571,MOBILE,USD
MOBILE-USDC,Helium Mobile,0.000516,-1.71428571428571,MOBILE,USDC
FIDA-USD,Bonfida,0.0858,-1.71821305841924,FIDA,USD
FIDA-USDC,Bonfida,0.0858,-1.71821305841924,FIDA,USDC
XTZ-GBP,Tezos,0.448,-1.75438596491228,XTZ,GBP
XTZ-BTC,Tezos,0.00000557,-1.7636684303351,XTZ,BTC
ARKM-USDC,Arkham,0.667,-1.76730486008837,ARKM,USDC
ARKM-USD,Arkham,0.667,-1.76730486008837,ARKM,USD
MANA-USDC,Decentraland,0.3072,-1.79028132992327,MANA,USDC
MANA-USD,Decentraland,0.3072,-1.79028132992327,MANA,USD
POND-USDC,Marlin,0.01041,-1.79245283018868,POND,USDC
POND-USD,Marlin,0.01041,-1.79245283018868,POND,USD
ICP-EUR,Internet Computer,4.567,-1.80606321221243,ICP,EUR
ANKR-USDC,Ankr,0.01789,-1.81119648737651,ANKR,USDC
ANKR-USD,Ankr,0.01789,-1.81119648737651,ANKR,USD
AGLD-USDC,Adventure Gold,0.8775,-1.81268882175227,AGLD,USDC
AGLD-USD,Adventure Gold,0.8775,-1.81268882175227,AGLD,USD
XTZ-EUR,Tezos,0.54,-1.81818181818182,XTZ,EUR
AXL-USD,Axelar,0.3494,-1.82635571789829,AXL,USD
AXL-USDC,Axelar,0.3494,-1.82635571789829,AXL,USDC
RPL-USDC,Rocket Pool,4.73,-1.86721991701245,RPL,USDC
RPL-USD,Rocket Pool,4.73,-1.86721991701245,RPL,USD
SUSHI-USDC,SushiSwap,0.7171,-1.87465790914067,SUSHI,USDC
SUSHI-USD,SushiSwap,0.7171,-1.87465790914067,SUSHI,USD
BLZ-USDC,Bluzelle,0.0414,-1.8957345971564,BLZ,USDC
BLZ-USD,Bluzelle,0.0414,-1.8957345971564,BLZ,USD
BIGTIME-USD,Big Time,0.07184,-1.89812918202922,BIGTIME,USD
BIGTIME-USDC,Big Time,0.07184,-1.89812918202922,BIGTIME,USDC
GRT-BTC,The Graph,0.000001,-1.96078431372549,GRT,BTC
AVAX-BTC,Avalanche,0.00021011,-1.98721836077809,AVAX,BTC
AVAX-EUR,Avalanche,20.17,-1.99222546161322,AVAX,EUR
NEAR-USDT,NEAR Protocol,2.739,-2.00357781753131,NEAR,USDT
FIL-EUR,Filecoin,2.44,-2.00803212851406,FIL,EUR
AVAX-USD,Avalanche,22.96,-2.08955223880597,AVAX,USD
AVAX-USDC,Avalanche,22.96,-2.08955223880597,AVAX,USDC
COW-USDC,CoW Protocol,0.3961,-2.10084033613445,COW,USDC
COW-USD,CoW Protocol,0.3961,-2.10084033613445,COW,USD
POL-USDC,Polygon Ecosystem Token,0.23,-2.12765957446809,POL,USDC
POL-USD,Polygon Ecosystem Token,0.23,-2.12765957446809,POL,USD
REQ-USD,Request,0.1423,-2.13204951856946,REQ,USD
REQ-USDC,Request,0.1423,-2.13204951856946,REQ,USDC
TRU-USD,TrueFi,0.0409,-2.15311004784689,TRU,USD
TRU-USDC,TrueFi,0.0409,-2.15311004784689,TRU,USDC
BAT-USD,Basic Attention Token,0.14019,-2.18392408596148,BAT,USD
BAT-USDC,Basic Attention Token,0.14019,-2.18392408596148,BAT,USDC
ANKR-EUR,Ankr,0.01575,-2.23463687150838,ANKR,EUR
FLOW-USD,Flow,0.391,-2.25,FLOW,USD
FLOW-USDC,Flow,0.391,-2.25,FLOW,USDC
B3-USD,B3 (Base),0.004547,-2.25709372312984,B3,USD
B3-USDC,B3 (Base),0.004547,-2.25709372312984,B3,USDC
AVAX-USDT,Avalanche,22.9,-2.26205719163466,AVAX,USDT
MINA-EUR,Mina,0.216,-2.26244343891403,MINA,EUR
BAT-BTC,Basic Attention Token,0.00000129,-2.27272727272727,BAT,BTC
NEAR-USD,NEAR Protocol,2.747,-2.27676983279972,NEAR,USD
NEAR-USDC,NEAR Protocol,2.747,-2.27676983279972,NEAR,USDC
ERN-USD,Ethernity Chain,1.6377,-2.28520286396181,ERN,USD
ERN-USDC,Ethernity Chain,1.6377,-2.28520286396181,ERN,USDC
FIS-USDC,StaFi,0.1565,-2.30961298377029,FIS,USDC
FIS-USD,StaFi,0.1565,-2.30961298377029,FIS,USD
METIS-USDC,Metis,19.21,-2.33858668022369,METIS,USDC
METIS-USD,Metis,19.21,-2.33858668022369,METIS,USD
MATIC-USDC,Polygon,0.2295,-2.34042553191489,MATIC,USDC
MATIC-USD,Polygon,0.2295,-2.34042553191489,MATIC,USD
AERGO-USDC,Aergo,0.1626,-2.34234234234234,AERGO,USDC
AERGO-USD,Aergo,0.1626,-2.34234234234234,AERGO,USD
QI-USDC,BENQI,0.008118,-2.34572356549982,QI,USDC
QI-USD,BENQI,0.008118,-2.34572356549982,QI,USD
G-USD,Gravity,0.01449,-2.35849056603774,G,USD
G-USDC,Gravity,0.01449,-2.35849056603774,G,USDC
LRC-USDT,Loopring,0.0992,-2.36220472440945,LRC,USDT
MATIC-EUR,Polygon,0.2016,-2.3728813559322,MATIC,EUR
BCH-GBP,Bitcoin Cash,305.52,-2.39913107369901,BCH,GBP
SHDW-USD,Shadow Token,0.117,-2.5,SHDW,USD
SHDW-USDC,Shadow Token,0.117,-2.5,SHDW,USDC
SXT-USD,Space and Time,0.1206,-2.50606305578011,SXT,USD
SXT-USDC,Space and Time,0.1206,-2.50606305578011,SXT,USDC
MATIC-USDT,Polygon,0.23,-2.54237288135593,MATIC,USDT
MORPHO-USDC,Morpho,1.4662,-2.57159944182338,MORPHO,USDC
MORPHO-USD,Morpho,1.4662,-2.57159944182338,MORPHO,USD
RAD-USDC,Radworks,0.74,-2.63157894736842,RAD,USDC
RAD-USD,Radworks,0.74,-2.63157894736842,RAD,USD
GODS-USDC,Gods Unchained,0.16349,-2.63816102906146,GODS,USDC
GODS-USD,Gods Unchained,0.16349,-2.63816102906146,GODS,USD
MANA-ETH,Decentraland,0.00012,-2.67639902676399,MANA,ETH
FLOW-USDT,Flow,0.391,-2.7363184079602,FLOW,USDT
XCN-USD,Onyxcoin,0.01856,-2.77632268203248,XCN,USD
XCN-USDC,Onyxcoin,0.01856,-2.77632268203248,XCN,USDC
SWELL-USD,SWELL,0.01,-2.81827016520894,SWELL,USD
SWELL-USDC,SWELL,0.01,-2.81827016520894,SWELL,USDC
CELR-USD,Celer Network,0.00939,-2.99586776859504,CELR,USD
CELR-USDC,Celer Network,0.00939,-2.99586776859504,CELR,USDC
LRC-USD,Loopring,0.0987,-3.04518664047151,LRC,USD
LRC-USDC,Loopring,0.0987,-3.04518664047151,LRC,USDC
PROMPT-USDC,Wayfinder,0.21952,-3.05599717364423,PROMPT,USDC
PROMPT-USD,Wayfinder,0.21952,-3.05599717364423,PROMPT,USD
VVV-USD,Venice Token,3.41,-3.125,VVV,USD
VVV-USDC,Venice Token,3.41,-3.125,VVV,USDC
LRC-BTC,Loopring,0.00000091,-3.19148936170213,LRC,BTC
MANA-EUR,Decentraland,0.27,-3.2258064516129,MANA,EUR
MATIC-BTC,Polygon,0.0000021,-3.2258064516129,MATIC,BTC
ZK-USDC,ZKsync,0.06101,-3.25087218522042,ZK,USDC
ZK-USD,ZKsync,0.06101,-3.25087218522042,ZK,USD
BAT-EUR,Basic Attention Token,0.12322,-3.32653381453005,BAT,EUR
GTC-USDC,Gitcoin,0.29,-3.33333333333333,GTC,USDC
GTC-USD,Gitcoin,0.29,-3.33333333333333,GTC,USD
GIGA-USD,Gigachad,0.02337,-3.38983050847458,GIGA,USD
GIGA-USDC,Gigachad,0.02337,-3.38983050847458,GIGA,USDC
POPCAT-USDC,Popcat (SOL),0.4648,-3.40814630091438,POPCAT,USDC
POPCAT-USD,Popcat (SOL),0.4648,-3.40814630091438,POPCAT,USD
COTI-USDC,COTI,0.0682,-3.53606789250354,COTI,USDC
COTI-USD,COTI,0.0682,-3.53606789250354,COTI,USD
WLD-USDC,Worldcoin,1.363,-3.60678925035361,WLD,USDC
WLD-USD,Worldcoin,1.363,-3.60678925035361,WLD,USD
BERA-USD,Berachain,2.816,-3.7593984962406,BERA,USD
BERA-USDC,Berachain,2.816,-3.7593984962406,BERA,USDC
BICO-USDC,BICONOMY (BICO),0.1098,-3.76862401402279,BICO,USDC
BICO-USD,BICONOMY (BICO),0.1098,-3.76862401402279,BICO,USD
BONK-USDC,Bonk,0.00002011,-3.7799043062201,BONK,USDC
BONK-USD,Bonk,0.00002011,-3.7799043062201,BONK,USD
SUI-USD,SUI,3.4721,-3.89448627103632,SUI,USD
SUI-USDC,SUI,3.4721,-3.89448627103632,SUI,USDC
EOS-BTC,EOS,0.00000705,-4.21195652173913,EOS,BTC
PENGU-USD,Pudgy Penguins,0.0124,-4.46841294298921,PENGU,USD
PENGU-USDC,Pudgy Penguins,0.0124,-4.46841294298921,PENGU,USDC
SYRUP-USDC,Maple Finance,0.4256,-4.57399103139013,SYRUP,USDC
SYRUP-USD,Maple Finance,0.4256,-4.57399103139013,SYRUP,USD
REZ-USD,Renzo,0.01327,-4.60100647016535,REZ,USD
REZ-USDC,Renzo,0.01327,-4.60100647016535,REZ,USDC
PNUT-USDC,Peanut the Squirrel,0.3152,-4.91704374057315,PNUT,USDC
PNUT-USD,Peanut the Squirrel,0.3152,-4.91704374057315,PNUT,USD
MOG-USD,Mog Coin,0.00000115,-4.95867768595041,MOG,USD
MOG-USDC,Mog Coin,0.00000115,-4.95867768595041,MOG,USDC
LQTY-USD,Liquity,0.8356,-5.72041069615254,LQTY,USD
LQTY-USDC,Liquity,0.8356,-5.72041069615254,LQTY,USDC
MOODENG-USD,Moo Deng,0.2544,-7.4235807860262,MOODENG,USD
MOODENG-USDC,Moo Deng,0.2544,-7.4235807860262,MOODENG,USDC
COOKIE-USD,Cookie DAO,0.26074,-11.47552115162626,COOKIE,USD
COOKIE-USDC,Cookie DAO,0.26074,-11.47552115162626,COOKIE,USDC
