Product-ID,Base-Name,Price,Price Percentage Change 24h
TRB-USDC,Tellor,51.89,24.7955747955748
TRB-USD,Tellor,51.89,24.7955747955748
ME-USD,Magic Eden,1.031,20.72599531615925
ME-USDC,Magic Eden,1.031,20.72599531615925
RBN-USD,Ribbon Finance,0.13919,13.82891723912332
RBN-USDC,Ribbon Finance,0.13919,13.82891723912332
APE-USD,ApeCoin,0.772,13.0307467057101
APE-USDC,ApeCoin,0.772,13.0307467057101
APE-EUR,ApeCoin,0.673,12.91946308724832
APE-USDT,ApeCoin,0.772,12.86549707602339
ZORA-USDC,Zora,0.01093,12.33299075025694
ZORA-USD,Zora,0.01093,12.33299075025694
ATH-USD,Aethir,0.05031,11.65113182423435
ATH-USDC,Aethir,0.05031,11.65113182423435
COMP-USD,Compound,45.74,9.8990869774147
COMP-USDC,Compound,45.74,9.8990869774147
COMP-BTC,Compound,0.000432,8.27067669172932
KERNEL-USDC,KernelDAO,0.1599,7.53194351042367
KERNEL-USD,KernelDAO,0.1599,7.53194351042367
AGLD-USDC,Adventure Gold,0.8757,7.35564545788893
AGLD-USD,Adventure Gold,0.8757,7.35564545788893
COW-USD,CoW Protocol,0.431,6.6303809995052
COW-USDC,CoW Protocol,0.431,6.6303809995052
UNI-GBP,Uniswap,5.03,6.34249471458774
UNI-EUR,Uniswap,5.95,6.25
UNI-USD,Uniswap,6.778,6.05539039273979
UNI-USDC,Uniswap,6.778,6.05539039273979
LQTY-USD,Liquity,1.0446,5.80370707991492
LQTY-USDC,Liquity,1.0446,5.80370707991492
ICP-USDT,Internet Computer,5.442,5.66990291262136
QNT-USD,Quant,114.63,5.601105481345
QNT-USDC,Quant,114.63,5.601105481345
ICP-EUR,Internet Computer,4.775,5.59486952675807
JTO-USD,Jito,1.8798,5.35814370586257
JTO-USDC,Jito,1.8798,5.35814370586257
ICP-GBP,Internet Computer,4.027,5.30857740585774
ICP-BTC,Internet Computer,0.0000517,5.29531568228106
T-USDC,Threshold,0.0159,5.22832561217737
T-USD,Threshold,0.0159,5.22832561217737
UNI-BTC,Uniswap,0.0000645,5.22022838499184
ICP-USD,Internet Computer,5.435,5.18676214437778
ICP-USDC,Internet Computer,5.435,5.18676214437778
OCEAN-USD,Ocean Protocol,0.3683,5.01853435985173
OCEAN-USDC,Ocean Protocol,0.3683,5.01853435985173
00-USD,00 Token,0.0177,4.73372781065089
00-USDC,00 Token,0.0177,4.73372781065089
QNT-USDT,Quant,114.75,4.72757141553345
CTSI-USDC,Cartesi,0.0667,4.70957613814757
CTSI-USD,Cartesi,0.0667,4.70957613814757
AAVE-EUR,Aave,236.79,4.62619300106045
ZK-USD,ZKsync,0.05943,4.53825857519789
ZK-USDC,ZKsync,0.05943,4.53825857519789
AAVE-GBP,Aave,199.72,4.51619655659637
FET-USDT,Artificial Superintelligence Alliance,0.8252,4.50861195542047
AAVE-BTC,Aave,0.002563,4.39918533604888
G-USDC,Gravity,0.0138,4.38729198184569
G-USD,Gravity,0.0138,4.38729198184569
FET-USDC,Artificial Superintelligence Alliance,0.8253,4.33628318584071
FET-USD,Artificial Superintelligence Alliance,0.8253,4.33628318584071
AAVE-USD,Aave,269.64,4.30544272948822
AAVE-USDC,Aave,269.64,4.30544272948822
INJ-USDC,Injective,12.77,4.18536346577466
INJ-USD,Injective,12.77,4.18536346577466
ALCX-USDC,Alchemix,10.15,4.1025641025641
ALCX-USD,Alchemix,10.15,4.1025641025641
DIMO-USD,DIMO,0.06606,3.94964594807238
DIMO-USDC,DIMO,0.06606,3.94964594807238
MKR-USDC,Maker,1856.88,3.50213204760179
MKR-USD,Maker,1856.88,3.50213204760179
CGLD-EUR,Celo,0.31,3.33333333333333
SHPING-USDC,SHPING,0.005987,3.33103210217466
SHPING-USD,SHPING,0.005987,3.33103210217466
UMA-USDC,UMA,1.187,3.21739130434783
UMA-USD,UMA,1.187,3.21739130434783
ANKR-USDC,Ankr,0.01716,3.1870114251353
ANKR-USD,Ankr,0.01716,3.1870114251353
ANKR-EUR,Ankr,0.01505,3.15284441398218
XCN-USDC,Onyxcoin,0.01589,3.04798962386511
XCN-USD,Onyxcoin,0.01589,3.04798962386511
BAND-USDC,Band Protocol,0.697,2.95420974889217
BAND-USD,Band Protocol,0.697,2.95420974889217
NCT-USDC,PolySwarm,0.01958,2.94426919032597
NCT-USD,PolySwarm,0.01958,2.94426919032597
XRP-EUR,XRP,1.9778,2.88181439866833
C98-USD,Coin98,0.0539,2.86259541984733
C98-USDC,Coin98,0.0539,2.86259541984733
XRP-USDT,XRP,2.2534,2.83393419431388
ARB-USDC,Arbitrum,0.3713,2.79623477297896
ARB-USD,Arbitrum,0.3713,2.79623477297896
1INCH-USDC,1inch,0.221,2.7906976744186
1INCH-USD,1inch,0.221,2.7906976744186
LINK-EUR,Chainlink,12.65,2.76198212835093
XRP-USD,XRP,2.253,2.74534841298796
XRP-USDC,XRP,2.253,2.74534841298796
BAL-USDC,Balancer,1.0975,2.7429320351994
BAL-USD,Balancer,1.0975,2.7429320351994
CVX-USD,Convex Finance,2.751,2.72591486183719
CVX-USDC,Convex Finance,2.751,2.72591486183719
STG-USD,Stargate Finance,0.1868,2.69378779549203
STG-USDC,Stargate Finance,0.1868,2.69378779549203
MASK-GBP,Mask Network,2.184,2.67983074753173
1INCH-EUR,1inch,0.193,2.65957446808511
VARA-USD,Vara,0.00619,2.65339966832504
VARA-USDC,Vara,0.00619,2.65339966832504
KAVA-USD,Kava,0.4442,2.63401109057301
KAVA-USDC,Kava,0.4442,2.63401109057301
MORPHO-USD,Morpho,1.4005,2.5781879440416
MORPHO-USDC,Morpho,1.4005,2.5781879440416
LINK-USDT,Chainlink,14.37,2.56959314775161
SD-USDC,Stader,0.5203,2.50197005516154
SD-USD,Stader,0.5203,2.50197005516154
LINK-USDC,Chainlink,14.38,2.22506575673562
LINK-USD,Chainlink,14.38,2.22506575673562
GFI-USD,Goldfinch Protocol,0.8072,2.21603140433076
GFI-USDC,Goldfinch Protocol,0.8072,2.21603140433076
ALICE-USDC,MyNeighborAlice,0.429,2.14285714285714
ALICE-USD,MyNeighborAlice,0.429,2.14285714285714
LINK-GBP,Chainlink,10.63,2.1133525456292
MKR-BTC,Maker,0.01751,2.09912536443149
RARE-USDC,SuperRare,0.0602,2.03389830508475
RARE-USD,SuperRare,0.0602,2.03389830508475
LINK-BTC,Chainlink,0.00013646,2.01854066985646
XTZ-EUR,Tezos,0.52,1.96078431372549
HONEY-USD,Hivemapper,0.0264,1.93050193050193
HONEY-USDC,Hivemapper,0.0264,1.93050193050193
EIGEN-USD,EigenLayer,1.539,1.9205298013245
EIGEN-USDC,EigenLayer,1.539,1.9205298013245
1INCH-GBP,1inch,0.163,1.875
ETC-EUR,Ethereum Classic,15.63,1.82410423452769
RSR-USDC,Reserve Rights,0.007278,1.81869054280918
RSR-USD,Reserve Rights,0.007278,1.81869054280918
ETC-BTC,Ethereum Classic,0.000169,1.80722891566265
ETC-USDC,Ethereum Classic,17.81,1.77142857142857
ETC-USD,Ethereum Classic,17.81,1.77142857142857
NEAR-USD,NEAR Protocol,2.536,1.76565008025682
NEAR-USDC,NEAR Protocol,2.536,1.76565008025682
ETHFI-USDC,ether.fi,1.225,1.74418604651163
ETHFI-USD,ether.fi,1.225,1.74418604651163
EOS-USD,EOS,0.6475,1.66431150887109
EOS-USDC,EOS,0.6475,1.66431150887109
XLM-EUR,Stellar Lumens,0.241149,1.65069783714745
NEAR-USDT,NEAR Protocol,2.549,1.6347687400319
ETC-GBP,Ethereum Classic,13.17,1.62037037037037
ENS-USDC,Ethereum Name Service,22.06,1.61216029479503
ENS-USD,Ethereum Name Service,22.06,1.61216029479503
BAT-EUR,Basic Attention Token,0.11977,1.58608990670059
CRV-BTC,Curve DAO Token,0.0000066,1.53846153846154
BNT-USD,Bancor Network Token,0.6742,1.53614457831325
BNT-USDC,Bancor Network Token,0.6742,1.53614457831325
XLM-USDC,Stellar Lumens,0.274864,1.53185799192515
XLM-USD,Stellar Lumens,0.274864,1.53185799192515
TAO-USDC,Bittensor,396.45,1.49769585253456
TAO-USD,Bittensor,396.45,1.49769585253456
CBETH-USDC,Coinbase Wrapped Staked ETH,2909.09,1.46454605699139
CBETH-USD,Coinbase Wrapped Staked ETH,2909.09,1.46454605699139
BCH-EUR,Bitcoin Cash,356.64,1.45941793974567
PLU-USD,Pluton,0.7,1.44927536231884
PLU-USDC,Pluton,0.7,1.44927536231884
MDT-USDC,Measurable Data Token,0.02746,1.44070927225711
MDT-USD,Measurable Data Token,0.02746,1.44070927225711
ENS-USDT,Ethereum Name Service,22.17,1.41811527904849
A8-USDC,Ancient8,0.122,1.41313383208645
A8-USD,Ancient8,0.122,1.41313383208645
ENS-EUR,Ethereum Name Service,19.4,1.41139571353894
MASK-USDT,Mask Network,2.92,1.38888888888889
ETH-EUR,Ethereum,2317.39,1.37491469667011
GMT-USD,STEPN,0.0526,1.34874759152216
GMT-USDC,STEPN,0.0526,1.34874759152216
MATIC-EUR,Polygon,0.1922,1.31787032156036
EOS-BTC,EOS,0.00000616,1.31578947368421
ETH-USDT,Ethereum,2638.34,1.30745807878539
LTC-EUR,Litecoin,79.44,1.30068859984698
LINK-ETH,Chainlink,0.00545324,1.30052031958508
BLUR-USDC,Blur,0.0941,1.29171151776103
BLUR-USD,Blur,0.0941,1.29171151776103
BAT-USD,Basic Attention Token,0.13632,1.26281384638241
BAT-USDC,Basic Attention Token,0.13632,1.26281384638241
MATIC-USD,Polygon,0.219,1.24826629680999
MATIC-USDC,Polygon,0.219,1.24826629680999
ETH-DAI,Ethereum,2639.09,1.24683974081079
APT-USD,Aptos,4.98,1.21951219512195
APT-USDC,Aptos,4.98,1.21951219512195
BCH-USD,Bitcoin Cash,406.44,1.21526048411196
BCH-USDC,Bitcoin Cash,406.44,1.21526048411196
ETH-USDC,Ethereum,2639.3,1.20325776864321
ETH-USD,Ethereum,2639.3,1.20325776864321
ANKR-GBP,Ankr,0.01266,1.19904076738609
MASK-EUR,Mask Network,2.56,1.18577075098814
LDO-USD,Lido DAO Token,0.867,1.16686114352392
LDO-USDC,Lido DAO Token,0.867,1.16686114352392
ETH-GBP,Ethereum,1951.15,1.16452099611654
ZRX-USDC,0x Protocol,0.247991,1.16259622013453
ZRX-USD,0x Protocol,0.247991,1.16259622013453
DIA-USD,DIA,0.42791,1.15597371282682
DIA-USDC,DIA,0.42791,1.15597371282682
POWR-USD,Powerledger,0.1692,1.13568439928273
POWR-USDC,Powerledger,0.1692,1.13568439928273
DOGE-EUR,Dogecoin,0.1721,1.11633372502938
SAFE-USD,Safe,0.5281,1.11047290829025
SAFE-USDC,Safe,0.5281,1.11047290829025
ALEO-USD,Aleo,0.184,1.0989010989011
ALEO-USDC,Aleo,0.184,1.0989010989011
API3-USDC,Api3,0.741,1.09140518417462
API3-USD,Api3,0.741,1.09140518417462
ETH-BTC,Ethereum,0.02504028,1.09115865966895
BCH-BTC,Bitcoin Cash,0.003853,1.07555089192025
BLZ-USD,Bluzelle,0.0376,1.0752688172043
BLZ-USDC,Bluzelle,0.0376,1.0752688172043
FLOW-USDC,Flow,0.378,1.06951871657754
FLOW-USD,Flow,0.378,1.06951871657754
LTC-USD,Litecoin,90.48,1.06109683904836
LTC-USDC,Litecoin,90.48,1.06109683904836
BLAST-USDC,Blast,0.00289,1.04895104895105
BLAST-USD,Blast,0.00289,1.04895104895105
MASK-USD,Mask Network,2.92,1.03806228373702
MASK-USDC,Mask Network,2.92,1.03806228373702
FIL-GBP,Filecoin,1.95,1.03626943005181
ZETACHAIN-USDC,Zetachain,0.225,1.03277952402335
ZETACHAIN-USD,Zetachain,0.225,1.03277952402335
DOGE-USDT,Dogecoin,0.1957,1.03252452245741
CELR-USDC,Celer Network,0.00892,1.01925254813137
CELR-USD,Celer Network,0.00892,1.01925254813137
LSETH-USD,Liquid Staked ETH,2847.88,1.01730987514188
LSETH-USDC,Liquid Staked ETH,2847.88,1.01730987514188
STORJ-USDC,Storj,0.2732,0.99815157116451
STORJ-USD,Storj,0.2732,0.99815157116451
CRV-EUR,Curve DAO Token,0.6083,0.99618130499751
DASH-USDC,Dash,22.49,0.98787606645712
DASH-USD,Dash,22.49,0.98787606645712
POL-USDC,Polygon Ecosystem Token,0.2189,0.96863468634686
POL-USD,Polygon Ecosystem Token,0.2189,0.96863468634686
LTC-GBP,Litecoin,66.86,0.96647538508004
MINA-USD,Mina,0.217,0.93023255813953
MINA-USDC,Mina,0.217,0.93023255813953
HBAR-USDT,Hedera,0.17342,0.92533317814119
ADA-EUR,Cardano,0.6126,0.92257001647446
SHDW-USDC,Shadow Token,0.111,0.90909090909091
SHDW-USD,Shadow Token,0.111,0.90909090909091
ZETA-USDC,Zetachain,0.2252,0.89605734767025
ZETA-USD,Zetachain,0.2252,0.89605734767025
DOGE-USDC,Dogecoin,0.19596,0.86992330262006
DOGE-USD,Dogecoin,0.19596,0.86992330262006
FIL-EUR,Filecoin,2.32,0.8695652173913
ADA-USD,Cardano,0.6982,0.86680150245594
ADA-USDC,Cardano,0.6982,0.86680150245594
AVAX-EUR,Avalanche,18.78,0.85929108485499
AVAX-USDT,Avalanche,21.36,0.84985835694051
COTI-USDC,COTI,0.0599,0.84175084175084
COTI-USD,COTI,0.0599,0.84175084175084
FIL-USD,Filecoin,2.639,0.84065724111578
FIL-USDC,Filecoin,2.639,0.84065724111578
EOS-EUR,EOS,0.566,0.83734188491003
PENDLE-USD,Pendle,4.34,0.8364312267658
PENDLE-USDC,Pendle,4.34,0.8364312267658
CRV-USDC,Curve DAO Token,0.6933,0.82897033158813
CRV-USD,Curve DAO Token,0.6933,0.82897033158813
ADA-GBP,Cardano,0.5161,0.82047274858371
GIGA-USDC,Gigachad,0.02369,0.80851063829787
GIGA-USD,Gigachad,0.02369,0.80851063829787
OGN-USD,Origin Token,0.05777,0.80265224219159
OGN-USDC,Origin Token,0.05777,0.80265224219159
HBAR-USDC,Hedera,0.17325,0.79706772166628
HBAR-USD,Hedera,0.17325,0.79706772166628
MUSE-USDC,Muse,8.61,0.79606649496605
MUSE-USD,Muse,8.61,0.79606649496605
INDEX-USD,Index Cooperative,1.27,0.79365079365079
INDEX-USDC,Index Cooperative,1.27,0.79365079365079
ALT-USD,Altlayer,0.02836,0.7818052594172
ALT-USDC,Altlayer,0.02836,0.7818052594172
AERO-USDC,Aerodrome Finance,0.5456,0.77576653121537
AERO-USD,Aerodrome Finance,0.5456,0.77576653121537
XLM-BTC,Stellar Lumens,0.0000026,0.77519379844961
XLM-USDT,Stellar Lumens,0.2725,0.73937153419593
AUCTION-USD,Bounce Token,10.9,0.73937153419593
AUCTION-USDC,Bounce Token,10.9,0.73937153419593
DOT-USDT,Polkadot,4.18,0.72289156626506
XTZ-USDC,Tezos,0.591,0.68143100511073
XTZ-USD,Tezos,0.591,0.68143100511073
LOKA-USD,League of Kingdoms Arena,0.0599,0.67226890756303
LOKA-USDC,League of Kingdoms Arena,0.0599,0.67226890756303
AVAX-USD,Avalanche,21.36,0.65975494816211
AVAX-USDC,Avalanche,21.36,0.65975494816211
GODS-USD,Gods Unchained,0.14044,0.65940366972477
GODS-USDC,Gods Unchained,0.14044,0.65940366972477
HFT-USDC,Hashflow,0.0616,0.65359477124183
HFT-USD,Hashflow,0.0616,0.65359477124183
DOT-GBP,Polkadot,3.09,0.6514657980456
DOGE-GBP,Dogecoin,0.1447,0.62586926286509
BIGTIME-USDC,Big Time,0.06461,0.62295592586824
BIGTIME-USD,Big Time,0.06461,0.62295592586824
APT-USDT,Aptos,4.98,0.60606060606061
CGLD-USDC,Celo,0.338,0.5952380952381
CGLD-USD,Celo,0.338,0.5952380952381
LTC-BTC,Litecoin,0.000857,0.5868544600939
REQ-USDC,Request,0.1412,0.56980056980057
REQ-USD,Request,0.1412,0.56980056980057
BCH-GBP,Bitcoin Cash,299.58,0.5673235086777
MATIC-GBP,Polygon,0.1617,0.55970149253731
ACS-USDC,Access,0.0012616,0.55794675593815
ACS-USD,Access,0.0012616,0.55794675593815
PAX-USDC,Paxos Standard,1.002,0.55193176116407
PAX-USD,Paxos Standard,1.002,0.55193176116407
GRT-GBP,The Graph,0.073,0.55096418732782
DOT-EUR,Polkadot,3.66,0.54945054945055
MNDE-USD,Marinade,0.12269,0.54909031306343
MNDE-USDC,Marinade,0.12269,0.54909031306343
DOGE-BTC,Dogecoin,0.00000186,0.54054054054054
AVAX-BTC,Avalanche,0.00020261,0.53590036222895
MINA-EUR,Mina,0.191,0.52631578947368
MATIC-BTC,Polygon,0.00000207,0.48543689320388
GHST-USDC,Aavegotchi,0.414,0.48543689320388
GHST-USD,Aavegotchi,0.414,0.48543689320388
OMNI-USDC,Omni Network,2.291,0.48245614035088
OMNI-USD,Omni Network,2.291,0.48245614035088
KSM-USD,Kusama,16.83,0.47761194029851
KSM-USDC,Kusama,16.83,0.47761194029851
SUSHI-USD,SushiSwap,0.7028,0.47176554681916
SUSHI-USDC,SushiSwap,0.7028,0.47176554681916
GRT-EUR,The Graph,0.0864,0.46511627906977
MATIC-USDT,Polygon,0.218,0.46082949308756
ADA-BTC,Cardano,0.00000662,0.45523520485584
LRC-USDC,Loopring,0.0888,0.45248868778281
LRC-USD,Loopring,0.0888,0.45248868778281
METIS-USDC,Metis,18.37,0.43739748496446
METIS-USD,Metis,18.37,0.43739748496446
DEXT-USDC,DEXTools,0.3141,0.4156010230179
DEXT-USD,DEXTools,0.3141,0.4156010230179
TIME-USD,Chrono.tech,12.16,0.41288191577209
TIME-USDC,Chrono.tech,12.16,0.41288191577209
IDEX-USD,IDEX,0.0246,0.40816326530612
IDEX-USDC,IDEX,0.0246,0.40816326530612
GNO-USD,Gnosis,132.29,0.40224650880389
GNO-USDC,Gnosis,132.29,0.40224650880389
DOT-USDC,Polkadot,4.174,0.38480038480038
DOT-USD,Polkadot,4.174,0.38480038480038
ADA-ETH,Cardano,0.000265,0.37878787878788
IO-USDC,io.net,0.833,0.36144578313253
IO-USD,io.net,0.833,0.36144578313253
ALGO-USD,Algorand,0.1996,0.35193564605329
ALGO-USDC,Algorand,0.1996,0.35193564605329
NKN-USDC,NKN,0.0303,0.33112582781457
NKN-USD,NKN,0.0303,0.33112582781457
BTC-EUR,Bitcoin,92539.06,0.32708001106276
ONDO-USDC,Ondo Finance,0.85248,0.29884462432642
ONDO-USD,Ondo Finance,0.85248,0.29884462432642
SXT-USD,Space and Time,0.1018,0.29556650246305
SXT-USDC,Space and Time,0.1018,0.29556650246305
FX-USD,Function X,0.1729,0.29002320185615
FX-USDC,Function X,0.1729,0.29002320185615
ALGO-EUR,Algorand,0.175,0.2865329512894
CHZ-EUR,Chiliz,0.0353,0.28409090909091
STX-USDT,Stacks,0.7807,0.28259473346179
BTC-USDT,Bitcoin,105418.02,0.27952658270691
DOT-BTC,Polkadot,0.0000396,0.25316455696203
CHZ-USDT,Chiliz,0.0403,0.24875621890547
VET-USDC,vechain,0.02482,0.24232633279483
VET-USD,vechain,0.02482,0.24232633279483
BTC-USD,Bitcoin,105438.74,0.23668651428746
BTC-USDC,Bitcoin,105438.74,0.23668651428746
IP-USDC,Story,4.204,0.21454112038141
IP-USD,Story,4.204,0.21454112038141
SAND-USDT,The Sandbox,0.2835,0.21208907741251
PAXG-USD,PAX Gold,3380.58,0.21135632660926
PAXG-USDC,PAX Gold,3380.58,0.21135632660926
GMT-USDT,STEPN,0.0524,0.19120458891013
PIRATE-USD,Pirate Nation Token,0.0538,0.18621973929236
PIRATE-USDC,Pirate Nation Token,0.0538,0.18621973929236
DRIFT-USDC,Drift Protocol,0.568,0.17636684303351
DRIFT-USD,Drift Protocol,0.568,0.17636684303351
REZ-USD,Renzo,0.01137,0.17621145374449
REZ-USDC,Renzo,0.01137,0.17621145374449
FORTH-USD,Ampleforth Governance Token,2.4143,0.13687266694318
FORTH-USDC,Ampleforth Governance Token,2.4143,0.13687266694318
ADA-USDT,Cardano,0.6966,0.12936610608021
ATOM-EUR,Cosmos,3.902,0.10261672652642
GRT-USD,The Graph,0.0983,0.10183299389002
GRT-USDC,The Graph,0.0983,0.10183299389002
USDT-EUR,Tether,0.87803,0.09233715601559
VTHO-USD,VeThor Token,0.002177,0.09195402298851
VTHO-USDC,VeThor Token,0.002177,0.09195402298851
TRUMP-USDC,OFFICIAL TRUMP,11.19,0.08944543828265
TRUMP-USD,OFFICIAL TRUMP,11.19,0.08944543828265
USDC-EUR,USDC,0.8774,0.07984487281852
SAND-USDC,The Sandbox,0.2835,0.0705965407695
SAND-USD,The Sandbox,0.2835,0.0705965407695
BTC-GBP,Bitcoin,77906.84,0.06959299785004
ELA-USDC,Elastos,1.518,0.0659195781147
ELA-USD,Elastos,1.518,0.0659195781147
FIL-BTC,Filecoin,0.00002492,0.04014452027298
USDT-USDC,Tether,1.0007,0.00999400359784
TRU-USDC,TrueFi,0.0379,0.0
TRU-USD,TrueFi,0.0379,0.0
EGLD-USDC,MultiversX,16.02,0.0
EGLD-USD,MultiversX,16.02,0.0
CGLD-GBP,Celo,0.25,0.0
SHIB-EUR,SHIBA INU,0.0000115,0.0
AUDIO-USDC,Audius,0.0701,0.0
FOX-USDC,Shapeshift FOX Token,0.0296,0.0
FOX-USD,Shapeshift FOX Token,0.0296,0.0
AKT-USD,Akash Network,1.365,0.0
AKT-USDC,Akash Network,1.365,0.0
AUDIO-USD,Audius,0.0701,0.0
SHIB-USDT,SHIBA INU,0.0000131,0.0
BAT-BTC,Basic Attention Token,0.00000129,0.0
XTZ-GBP,Tezos,0.436,0.0
BAT-ETH,Basic Attention Token,0.00005203,0.0
RAD-USDC,Radworks,0.7,0.0
RAD-USD,Radworks,0.7,0.0
SNX-BTC,Synthetix Network Token,0.0000067,0.0
ERN-USDC,Ethernity Chain,1.37,0.0
LRC-BTC,Loopring,0.00000084,0.0
FIDA-USD,Bonfida,0.0711,0.0
FIDA-USDC,Bonfida,0.0711,0.0
ERN-USD,Ethernity Chain,1.37,0.0
GTC-USDC,Gitcoin,0.27,0.0
DASH-BTC,Dash,0.000212,0.0
GTC-USD,Gitcoin,0.27,0.0
USDT-USD,Tether,1.00057,-0.00099942033621
CBETH-ETH,Coinbase Wrapped Staked ETH,1.10106,-0.008173273396
DAI-USD,Dai,0.9999,-0.01
DAI-USDC,Dai,0.9999,-0.01
SPELL-USD,Spell Token,0.000542,-0.036886757654
SPELL-USDC,Spell Token,0.000542,-0.036886757654
LSETH-ETH,Liquid Staked ETH,1.07874,-0.04169794012176
ATOM-USDC,Cosmos,4.444,-0.04498425551057
ATOM-USD,Cosmos,4.444,-0.04498425551057
STX-USD,Stacks,0.7785,-0.07701193685021
STX-USDC,Stacks,0.7785,-0.07701193685021
CRV-GBP,Curve DAO Token,0.5122,-0.0780335544284
PYTH-USDC,Pyth Network,0.1222,-0.08176614881439
PYTH-USD,Pyth Network,0.1222,-0.08176614881439
EURC-USDC,EURC,1.1396,-0.0876731544801
ACX-USD,Across Protocol,0.1998,-0.1
ACX-USDC,Across Protocol,0.1998,-0.1
IMX-USDC,Immutable,0.5724,-0.10471204188482
IMX-USD,Immutable,0.5724,-0.10471204188482
POND-USDC,Marlin,0.00941,-0.10615711252654
POND-USD,Marlin,0.00941,-0.10615711252654
ATOM-GBP,Cosmos,3.284,-0.12165450121655
FORT-USDC,Forta,0.0737,-0.13550135501355
FORT-USD,Forta,0.0737,-0.13550135501355
USDT-GBP,Tether,0.7393,-0.14856834143706
USDC-GBP,USDC,0.7389,-0.14864864864865
SHIB-USD,SHIBA INU,0.0000131,-0.15243902439024
SHIB-USDC,SHIBA INU,0.0000131,-0.15243902439024
AERGO-USD,Aergo,0.1206,-0.16556291390728
AERGO-USDC,Aergo,0.1206,-0.16556291390728
TIA-USD,Celestia,2.241,-0.17817371937639
TIA-USDC,Celestia,2.241,-0.17817371937639
ASM-USD,Assemble AI,0.0208,-0.19193857965451
ASM-USDC,Assemble AI,0.0208,-0.19193857965451
QI-USD,BENQI,0.008,-0.19960079840319
QI-USDC,BENQI,0.008,-0.19960079840319
SHIB-GBP,SHIBA INU,0.00000968,-0.20618556701031
MAGIC-USD,MAGIC,0.1386,-0.21598272138229
MAGIC-USDC,MAGIC,0.1386,-0.21598272138229
YFI-USD,yearn.finance,5296.02,-0.23565845912145
YFI-USDC,yearn.finance,5296.02,-0.23565845912145
CHZ-USD,Chiliz,0.0402,-0.24813895781638
CHZ-USDC,Chiliz,0.0402,-0.24813895781638
SEI-USD,Sei,0.2004,-0.24888003982081
SEI-USDC,Sei,0.2004,-0.24888003982081
FLOW-USDT,Flow,0.379,-0.26315789473684
XYO-USD,XYO,0.0113,-0.26478375992939
XYO-USDC,XYO,0.0113,-0.26478375992939
CTX-USDC,Cryptex Finance,1.7639,-0.27138576355515
CTX-USD,Cryptex Finance,1.7639,-0.27138576355515
ZEN-USDC,Horizen,11.523,-0.27693639117265
ZEN-USD,Horizen,11.523,-0.27693639117265
CRO-USDT,Cronos,0.1026,-0.29154518950437
VELO-USDC,Velodrome Finance,0.05332,-0.29917726252805
VELO-USD,Velodrome Finance,0.05332,-0.29917726252805
KEYCAT-USDC,Keyboard Cat,0.004607,-0.30296472624973
KEYCAT-USD,Keyboard Cat,0.004607,-0.30296472624973
BOBA-USDC,Boba Network,0.0938,-0.31880977683316
BOBA-USD,Boba Network,0.0938,-0.31880977683316
MANA-USDC,Decentraland,0.2851,-0.34952813701503
MANA-USD,Decentraland,0.2851,-0.34952813701503
KNC-USD,Kyber Network,0.3367,-0.35513465522344
KNC-USDC,Kyber Network,0.3367,-0.35513465522344
XTZ-BTC,Tezos,0.00000558,-0.35714285714286
IMX-USDT,Immutable,0.5728,-0.38260869565217
GST-USD,Green Satoshi Token,0.007777,-0.38427052645062
GST-USDC,Green Satoshi Token,0.007777,-0.38427052645062
MANTLE-USDC,Mantle,0.6809,-0.3949678174371
MANTLE-USD,Mantle,0.6809,-0.3949678174371
YFI-BTC,yearn.finance,0.0502,-0.3968253968254
CRO-EUR,Cronos,0.0901,-0.44198895027624
FIS-USD,StaFi,0.1572,-0.44331855604813
FIS-USDC,StaFi,0.1572,-0.44331855604813
ARPA-USD,ARPA Chain,0.0223,-0.44642857142857
ARPA-USDC,ARPA Chain,0.0223,-0.44642857142857
MLN-USD,Enzyme,8.21,-0.48484848484848
MLN-USDC,Enzyme,8.21,-0.48484848484848
SNX-EUR,Synthetix Network Token,0.612,-0.48780487804878
ALGO-BTC,Algorand,0.00000189,-0.52631578947368
NEON-USD,Neon EVM,0.11466,-0.56369785794814
NEON-USDC,Neon EVM,0.11466,-0.56369785794814
SNX-USD,Synthetix Network Token,0.698,-0.56980056980057
SNX-USDC,Synthetix Network Token,0.698,-0.56980056980057
OP-USDC,Optimism,0.663,-0.59970014992504
OP-USD,Optimism,0.663,-0.59970014992504
ALGO-GBP,Algorand,0.147,-0.60851926977688
VVV-USD,Venice Token,3,-0.66225165562914
VVV-USDC,Venice Token,3,-0.66225165562914
ROSE-USDT,Oasis Network,0.0298,-0.66666666666667
FAI-USD,Freysa,0.01936,-0.66700872242175
FAI-USDC,Freysa,0.01936,-0.66700872242175
CHZ-GBP,Chiliz,0.0297,-0.66889632107023
HIGH-USD,Highstreet,0.565,-0.70298769771529
HIGH-USDC,Highstreet,0.565,-0.70298769771529
STRK-USDC,Starknet Token,0.141,-0.70422535211268
STRK-USD,Starknet Token,0.141,-0.70422535211268
WIF-USDC,dogwifhat,0.972,-0.71501532175689
WIF-USD,dogwifhat,0.972,-0.71501532175689
ARKM-USDC,Arkham,0.554,-0.7168458781362
ARKM-USD,Arkham,0.554,-0.7168458781362
TNSR-USDC,Tensor,0.137,-0.72463768115942
TNSR-USD,Tensor,0.137,-0.72463768115942
DNT-USD,district0x,0.0273,-0.72727272727273
DNT-USDC,district0x,0.0273,-0.72727272727273
SUPER-USDC,SuperVerse,0.68615,-0.72917721610556
SUPER-USD,SuperVerse,0.68615,-0.72917721610556
ATOM-USDT,Cosmos,4.428,-0.76199013895114
PERP-USDC,Perpetual Protocol,0.2533,-0.78339208773991
PERP-USD,Perpetual Protocol,0.2533,-0.78339208773991
LRC-USDT,Loopring,0.0883,-0.78651685393258
CORECHAIN-USDC,Core,0.706,-0.84269662921348
CORECHAIN-USD,Core,0.706,-0.84269662921348
ZEC-USDC,Zcash,52.74,-0.84602368866328
ZEC-USD,Zcash,52.74,-0.84602368866328
HOPR-USDC,HOPR,0.0462,-0.85836909871245
HOPR-USD,HOPR,0.0462,-0.85836909871245
OXT-USDC,Orchid,0.0568,-0.87260034904014
OXT-USD,Orchid,0.0568,-0.87260034904014
OP-USDT,Optimism,0.663,-0.89686098654709
SKL-USD,SKALE,0.0221,-0.89686098654709
SKL-USDC,SKALE,0.0221,-0.89686098654709
B3-USD,B3 (Base),0.003163,-0.90852130325815
B3-USDC,B3 (Base),0.003163,-0.90852130325815
OSMO-USDC,Osmosis,0.2157,-0.91869545245751
OSMO-USD,Osmosis,0.2157,-0.91869545245751
MINA-USDT,Mina,0.215,-0.92165898617512
WLD-USD,Worldcoin,1.182,-0.92204526404023
WLD-USDC,Worldcoin,1.182,-0.92204526404023
ROSE-USD,Oasis Network,0.02975,-0.93240093240093
ROSE-USDC,Oasis Network,0.02975,-0.93240093240093
BADGER-USDC,Badger DAO,1.05,-0.94339622641509
BADGER-USD,Badger DAO,1.05,-0.94339622641509
ATOM-BTC,Cosmos,0.000042,-0.94339622641509
PEPE-USD,Pepe,0.00001243,-0.95617529880478
PEPE-USDC,Pepe,0.00001243,-0.95617529880478
CRO-USDC,Cronos,0.1024,-0.96711798839458
CRO-USD,Cronos,0.1024,-0.96711798839458
ZRO-USDC,LayerZero,2.341,-0.97292724196277
ZRO-USD,LayerZero,2.341,-0.97292724196277
RONIN-USDC,Ronin,0.599,-0.99173553719008
RONIN-USD,Ronin,0.599,-0.99173553719008
TOSHI-USDC,Toshi,0.0005579,-0.99378881987578
TOSHI-USD,Toshi,0.0005579,-0.99378881987578
MOG-USD,Mog Coin,0.00000096,-1.03092783505155
MOG-USDC,Mog Coin,0.00000096,-1.03092783505155
GRT-BTC,The Graph,0.00000093,-1.06382978723404
MSOL-USDC,Marinade Staked SOL,203.85,-1.06770201407425
MSOL-USD,Marinade Staked SOL,203.85,-1.06770201407425
AXL-USD,Axelar,0.3301,-1.0788133053641
AXL-USDC,Axelar,0.3301,-1.0788133053641
RLC-USD,iExec RLC,1.0302,-1.16089417634078
RLC-USDC,iExec RLC,1.0302,-1.16089417634078
RNDR-USD,Render (ERC-20),3.9484,-1.16893194162849
RNDR-USDC,Render (ERC-20),3.9484,-1.16893194162849
RNDR-USDT,Render (ERC-20),3.9478,-1.1740556237014
MANA-EUR,Decentraland,0.249,-1.19047619047619
ACH-USDC,Alchemy Pay,0.021749,-1.21724122269156
ACH-USD,Alchemy Pay,0.021749,-1.21724122269156
GLM-USD,Golem,0.2426,-1.2214983713355
GLM-USDC,Golem,0.2426,-1.2214983713355
WAXL-USDC,Wrapped Axelar,0.3298,-1.22791254866727
WAXL-USD,Wrapped Axelar,0.3298,-1.22791254866727
RENDER-USDC,Render,3.947,-1.27563781890945
RENDER-USD,Render,3.947,-1.27563781890945
SNX-GBP,Synthetix Network Token,0.515,-1.34099616858238
INV-USD,Inverse Finance,27.64,-1.35617416131335
INV-USDC,Inverse Finance,27.64,-1.35617416131335
ALEPH-USD,Aleph Cloud,0.0577,-1.36752136752137
ALEPH-USDC,Aleph Cloud,0.0577,-1.36752136752137
JASMY-USDC,Jasmy,0.01506,-1.37524557956778
JASMY-USD,Jasmy,0.01506,-1.37524557956778
BICO-USD,BICONOMY (BICO),0.1059,-1.39664804469274
BICO-USDC,BICONOMY (BICO),0.1059,-1.39664804469274
PRO-USDC,Propy,0.9594,-1.39773895169579
PRO-USD,Propy,0.9594,-1.39773895169579
SOL-EUR,Solana,137.68,-1.41066953097028
SEAM-USD,Seamless,0.4617,-1.43040136635354
SEAM-USDC,Seamless,0.4617,-1.43040136635354
MANA-ETH,Decentraland,0.0001089,-1.44796380090498
RNDR-EUR,Render (ERC-20),3.4613,-1.44923409828597
FLOKI-USD,FLOKI,0.0000868,-1.47559591373439
FLOKI-USDC,FLOKI,0.0000868,-1.47559591373439
SOL-USDT,Solana,156.73,-1.5082008420788
FARM-USD,Harvest Finance,31.16,-1.57927984838913
FARM-USDC,Harvest Finance,31.16,-1.57927984838913
SOL-USDC,Solana,156.8,-1.60025101976781
SOL-USD,Solana,156.8,-1.60025101976781
ORCA-USDC,Orca,2.6567,-1.62192186632105
ORCA-USD,Orca,2.6567,-1.62192186632105
TURBO-USD,Turbo,0.004286,-1.62956162497131
TURBO-USDC,Turbo,0.004286,-1.62956162497131
SOL-GBP,Solana,115.93,-1.65422463522226
FLR-USDC,Flare,0.01813,-1.68112798264642
FLR-USD,Flare,0.01813,-1.68112798264642
AMP-USD,Amp,0.00408,-1.68674698795181
AMP-USDC,Amp,0.00408,-1.68674698795181
SOL-BTC,Solana,0.0014871,-1.6923382032128
TRAC-USD,OriginTrail,0.4173,-1.69611307420495
TRAC-USDC,OriginTrail,0.4173,-1.69611307420495
SYN-USD,Synapse,0.17,-1.73410404624277
SYN-USDC,Synapse,0.17,-1.73410404624277
AXS-EUR,Axie Infinity,2.25,-1.74672489082969
PRIME-USDC,Echelon Prime,2.881,-1.80640763462849
PRIME-USD,Echelon Prime,2.881,-1.80640763462849
AURORA-USDC,Aurora,0.0815,-1.80722891566265
AURORA-USD,Aurora,0.0815,-1.80722891566265
AVT-USDC,Aventus,1.6,-1.84049079754601
AVT-USD,Aventus,1.6,-1.84049079754601
NMR-USDC,Numeraire,8.14,-1.92771084337349
NMR-USD,Numeraire,8.14,-1.92771084337349
CLV-USD,Clover Finance,0.0254,-1.93050193050193
CLV-USDC,Clover Finance,0.0254,-1.93050193050193
BERA-USDC,Berachain,2.536,-1.93348801237432
BERA-USD,Berachain,2.536,-1.93348801237432
PUNDIX-USDC,Pundi X (New),0.3319,-1.94977843426883
PUNDIX-USD,Pundi X (New),0.3319,-1.94977843426883
MOBILE-USD,Helium Mobile,0.000401,-1.9559902200489
MOBILE-USDC,Helium Mobile,0.000401,-1.9559902200489
SUI-USDC,SUI,3.248,-2.06838328408611
SUI-USD,SUI,3.248,-2.06838328408611
KRL-USD,Kryll,0.3405,-2.07075064710958
KRL-USDC,Kryll,0.3405,-2.07075064710958
PNUT-USDC,Peanut the Squirrel,0.2687,-2.07725947521866
PNUT-USD,Peanut the Squirrel,0.2687,-2.07725947521866
SPA-USDC,Sperax,0.014675,-2.10140093395597
SPA-USD,Sperax,0.014675,-2.10140093395597
ILV-USDC,Illuvium,12.98,-2.11161387631976
ILV-USD,Illuvium,12.98,-2.11161387631976
WCFG-USD,Wrapped Centrifuge,0.178,-2.1978021978022
WCFG-USDC,Wrapped Centrifuge,0.178,-2.1978021978022
HNT-USDC,Helium,3.186,-2.20994475138122
HNT-USD,Helium,3.186,-2.20994475138122
AXS-USD,Axie Infinity,2.552,-2.22222222222222
AXS-USDC,Axie Infinity,2.552,-2.22222222222222
AXS-USDT,Axie Infinity,2.551,-2.22307397470295
SWELL-USD,SWELL,0.00952,-2.35897435897436
SWELL-USDC,SWELL,0.00952,-2.35897435897436
IOTX-USDC,IoTeX,0.0265,-2.39410681399632
IOTX-USD,IoTeX,0.0265,-2.39410681399632
AXS-BTC,Axie Infinity,0.0000243,-2.40963855421687
ABT-USD,Arcblock,0.8337,-2.41133091419876
ABT-USDC,Arcblock,0.8337,-2.41133091419876
JASMY-USDT,Jasmy,0.01498,-2.47395833333333
PNG-USD,Pangolin,0.1614,-2.4773413897281
PNG-USDC,Pangolin,0.1614,-2.4773413897281
LRDS-USDC,Blocklords,0.1651,-2.59587020648968
LRDS-USD,Blocklords,0.1651,-2.59587020648968
DEGEN-USD,Degen,0.004535,-2.6197122611123
DEGEN-USDC,Degen,0.004535,-2.6197122611123
PYR-USD,Vulcan Forged PYR,1.036,-2.63157894736842
PYR-USDC,Vulcan Forged PYR,1.036,-2.63157894736842
SOL-ETH,Solana,0.05938,-2.71952817824377
POLS-USDC,Polkastarter,0.2124,-2.79176201372998
POLS-USD,Polkastarter,0.2124,-2.79176201372998
VOXEL-USDC,Voxies,0.0585,-2.82392026578073
VOXEL-USD,Voxies,0.0585,-2.82392026578073
LCX-USDC,LCX,0.1346,-2.88600288600289
LCX-USD,LCX,0.1346,-2.88600288600289
KARRAT-USD,Karrat,0.0503,-2.8957528957529
KARRAT-USDC,Karrat,0.0503,-2.8957528957529
PRCL-USDC,Parcl,0.0901,-2.90948275862069
PRCL-USD,Parcl,0.0901,-2.90948275862069
BTRST-USD,Braintrust,0.257,-3.0188679245283
BTRST-USDC,Braintrust,0.257,-3.0188679245283
DOGINME-USD,doginme,0.000629,-3.08166409861325
DOGINME-USDC,doginme,0.000629,-3.08166409861325
RED-USDC,Redstone,0.3467,-3.10229178311906
RED-USD,Redstone,0.3467,-3.10229178311906
RPL-USDC,Rocket Pool,6.11,-3.16957210776545
RPL-USD,Rocket Pool,6.11,-3.16957210776545
AIOZ-USD,AIOZ Network,0.3577,-3.45479082321188
AIOZ-USDC,AIOZ Network,0.3577,-3.45479082321188
SUKU-USD,SUKU,0.03,-3.53697749196141
SUKU-USDC,SUKU,0.03,-3.53697749196141
BONK-USD,Bonk,0.00001687,-3.54488279016581
BONK-USDC,Bonk,0.00001687,-3.54488279016581
AST-USD,AirSwap,0.0378,-3.57142857142857
AST-USDC,AirSwap,0.0378,-3.57142857142857
SYRUP-USDC,Maple Finance,0.4125,-3.6214953271028
SYRUP-USD,Maple Finance,0.4125,-3.6214953271028
SWFTC-USDC,SwftCoin,0.012815,-3.84182486681174
SWFTC-USD,SwftCoin,0.012815,-3.84182486681174
CVC-USD,Civic,0.1281,-3.90097524381095
CVC-USDC,Civic,0.1281,-3.90097524381095
WELL-USDC,Moonwell,0.036434,-4.26214000420433
WELL-USD,Moonwell,0.036434,-4.26214000420433
MATH-USD,MATH,0.1149,-4.56810631229236
MATH-USDC,MATH,0.1149,-4.56810631229236
RARI-USDC,Rarible,0.98,-4.85436893203883
RARI-USD,Rarible,0.98,-4.85436893203883
CLANKER-USD,tokenbot,25.57,-5.12059369202226
CLANKER-USDC,tokenbot,25.57,-5.12059369202226
MOODENG-USDC,Moo Deng,0.2043,-5.19721577726218
MOODENG-USD,Moo Deng,0.2043,-5.19721577726218
COOKIE-USD,Cookie DAO,0.22645,-6.23188405797101
COOKIE-USDC,Cookie DAO,0.22645,-6.23188405797101
LPT-USD,Livepeer,7.67,-6.34920634920635
LPT-USDC,Livepeer,7.67,-6.34920634920635
PROMPT-USDC,Wayfinder,0.18744,-6.63478780633592
PROMPT-USD,Wayfinder,0.18744,-6.63478780633592
PENGU-USDC,Pudgy Penguins,0.01024,-7.2463768115942
PENGU-USD,Pudgy Penguins,0.01024,-7.2463768115942
POPCAT-USD,Popcat (SOL),0.3745,-7.98525798525799
POPCAT-USDC,Popcat (SOL),0.3745,-7.98525798525799
EDGE-USD,Definitive,0.08544,-8.52248394004283
EDGE-USDC,Definitive,0.08544,-8.52248394004283
KAITO-USD,Kaito,1.7168,-8.53489611081513
KAITO-USDC,Kaito,1.7168,-8.53489611081513
L3-USDC,Layer3,0.06757,-14.17502857868665
L3-USD,Layer3,0.06757,-14.17502857868665
