Product-ID,Base-Name,Price,Volume 24h
PEPE-USD,Pepe,0.00001159,2214913530375.0
PEPE-USDC,Pepe,0.00001159,2214913530375.0
MOG-USDC,Mog Coin,0.00000091,1509577358549.0
MOG-USD,Mog Coin,0.00000091,1509577358549.0
BONK-USDC,Bonk,0.00001636,566732492595.0
BONK-USD,Bonk,0.00001636,566732492595.0
SHIB-USD,SHIBA INU,0.00001281,285195409308.0
SHIB-USDC,SHIBA INU,0.00001281,285195409308.0
SHIB-EUR,SHIBA INU,0.00001131,74662105357.0
SHIB-USDT,SHIBA INU,0.0000128,12156244891.0
TOSHI-USD,Toshi,0.0005447,11827761067.0
TOSHI-USDC,Toshi,0.0005447,11827761067.0
SHIB-GBP,SHIBA INU,0.00000953,10200106488.0
FLOKI-USDC,FLOKI,0.0000846,6882800717.0
FLOKI-USD,FLOKI,0.0000846,6882800717.0
SPELL-USDC,Spell Token,0.000522,4567263782.0
SPELL-USD,Spell Token,0.000522,4567263782.0
DOGINME-USD,doginme,0.0006746,2196970387.0
DOGINME-USDC,doginme,0.0006746,2196970387.0
DEGEN-USDC,Degen,0.004492,1313012813.0
DEGEN-USD,Degen,0.004492,1313012813.0
MOBILE-USD,Helium Mobile,0.000389,743783970.0
MOBILE-USDC,Helium Mobile,0.000389,743783970.0
B3-USDC,B3 (Base),0.003154,713988516.0
B3-USD,B3 (Base),0.003154,713988516.0
AMP-USD,Amp,0.00413,605419199.0
AMP-USDC,Amp,0.00413,605419199.0
KEYCAT-USDC,Keyboard Cat,0.004775,437066030.0
KEYCAT-USD,Keyboard Cat,0.004775,437066030.0
XCN-USD,Onyxcoin,0.01573,424898654.2
XCN-USDC,Onyxcoin,0.01573,424898654.2
TURBO-USDC,Turbo,0.004254,364656891.0
TURBO-USD,Turbo,0.004254,364656891.0
PENGU-USDC,Pudgy Penguins,0.0102,250941117.0
PENGU-USD,Pudgy Penguins,0.0102,250941117.0
DOGE-USD,Dogecoin,0.1902,182924638.8
DOGE-USDC,Dogecoin,0.1902,182924638.8
GIGA-USD,Gigachad,0.02281,160079354.8
GIGA-USDC,Gigachad,0.02281,160079354.8
JASMY-USDC,Jasmy,0.01521,158508991.0
JASMY-USD,Jasmy,0.01521,158508991.0
MOODENG-USDC,Moo Deng,0.1998,140376909.04
MOODENG-USD,Moo Deng,0.1998,140376909.04
WELL-USDC,Moonwell,0.038445,115538283.0
WELL-USD,Moonwell,0.038445,115538283.0
FLR-USDC,Flare,0.01747,84390566.0
FLR-USD,Flare,0.01747,84390566.0
VTHO-USD,VeThor Token,0.002116,79806143.0
VTHO-USDC,VeThor Token,0.002116,79806143.0
HBAR-USDC,Hedera,0.16716,75914001.8
HBAR-USD,Hedera,0.16716,75914001.8
ACS-USD,Access,0.001288,70237264.0
ACS-USDC,Access,0.001288,70237264.0
ACH-USD,Alchemy Pay,0.021589,58286671.9
ACH-USDC,Alchemy Pay,0.021589,58286671.9
CRO-USDC,Cronos,0.1029,53840724.4
CRO-USD,Cronos,0.1029,53840724.4
VET-USD,vechain,0.02404,53428220.0
VET-USDC,vechain,0.02404,53428220.0
FAI-USDC,Freysa,0.01908,51236742.0
FAI-USD,Freysa,0.01908,51236742.0
XRP-USD,XRP,2.1625,44064713.201241
XRP-USDC,XRP,2.1625,44064713.201241
SWFTC-USD,SwftCoin,0.013097,43719351.0
SWFTC-USDC,SwftCoin,0.013097,43719351.0
XLM-USD,Stellar Lumens,0.265369,42116872.82609074
XLM-USDC,Stellar Lumens,0.265369,42116872.82609074
ZORA-USD,Zora,0.00936,41735515.0
ZORA-USDC,Zora,0.00936,41735515.0
RSR-USD,Reserve Rights,0.007181,40115726.0
RSR-USDC,Reserve Rights,0.007181,40115726.0
BLAST-USDC,Blast,0.00279,37125775.0
BLAST-USD,Blast,0.00279,37125775.0
XYO-USD,XYO,0.01105,31159231.2
XYO-USDC,XYO,0.01105,31159231.2
VOXEL-USD,Voxies,0.0595,30612949.34
VOXEL-USDC,Voxies,0.0595,30612949.34
SWELL-USD,SWELL,0.00904,28019411.0
SWELL-USDC,SWELL,0.00904,28019411.0
FOX-USDC,Shapeshift FOX Token,0.029,27512350.2
FOX-USD,Shapeshift FOX Token,0.029,27512350.2
FX-USDC,Function X,0.189,27063700.4
FX-USD,Function X,0.189,27063700.4
GST-USDC,Green Satoshi Token,0.007997,26952464.09
GST-USD,Green Satoshi Token,0.007997,26952464.09
ADA-USDC,Cardano,0.6779,26939488.8718804
ADA-USD,Cardano,0.6779,26939488.8718804
VARA-USDC,Vara,0.00603,25323288.0
VARA-USD,Vara,0.00603,25323288.0
RBN-USD,Ribbon Finance,0.12999,24923146.98
RBN-USDC,Ribbon Finance,0.12999,24923146.98
COOKIE-USD,Cookie DAO,0.2109,23771325.0
COOKIE-USDC,Cookie DAO,0.2109,23771325.0
USDT-USD,Tether,1.0005,23700086.01
ATH-USD,Aethir,0.0475,20388036.0
ATH-USDC,Aethir,0.0475,20388036.0
SYRUP-USDC,Maple Finance,0.3365,20107226.5
SYRUP-USD,Maple Finance,0.3365,20107226.5
NKN-USDC,NKN,0.0292,19823452.3
NKN-USD,NKN,0.0292,19823452.3
ARPA-USDC,ARPA Chain,0.0219,19389703.4
ARPA-USD,ARPA Chain,0.0219,19389703.4
SPA-USD,Sperax,0.015727,18732638.0
SPA-USDC,Sperax,0.015727,18732638.0
ANKR-USD,Ankr,0.01594,17944824.0
ANKR-USDC,Ankr,0.01594,17944824.0
AST-USD,AirSwap,0.0418,17593210.0
AST-USDC,AirSwap,0.0418,17593210.0
SXT-USDC,Space and Time,0.1013,16323033.0
SXT-USD,Space and Time,0.1013,16323033.0
ROSE-USD,Oasis Network,0.02864,15637785.0
ROSE-USDC,Oasis Network,0.02864,15637785.0
QI-USDC,BENQI,0.007617,15006091.0
QI-USD,BENQI,0.007617,15006091.0
ASM-USDC,Assemble AI,0.02,14994115.0
ASM-USD,Assemble AI,0.02,14994115.0
SHPING-USD,SHPING,0.006025,14664821.0
SHPING-USDC,SHPING,0.006025,14664821.0
AERGO-USDC,Aergo,0.1212,14204260.5
AERGO-USD,Aergo,0.1212,14204260.5
SUI-USDC,SUI,3.263,14060608.0
SUI-USD,SUI,3.263,14060608.0
WIF-USDC,dogwifhat,0.841,14039281.22
WIF-USD,dogwifhat,0.841,14039281.22
PNUT-USD,Peanut the Squirrel,0.2586,13822336.14
PNUT-USDC,Peanut the Squirrel,0.2586,13822336.14
POPCAT-USDC,Popcat (SOL),0.3581,13457595.04
POPCAT-USD,Popcat (SOL),0.3581,13457595.04
NCT-USD,PolySwarm,0.01913,13378729.0
NCT-USDC,PolySwarm,0.01913,13378729.0
GRT-USDC,The Graph,0.0947,13367611.83
GRT-USD,The Graph,0.0947,13367611.83
ONDO-USD,Ondo Finance,0.82297,12521570.09
ONDO-USDC,Ondo Finance,0.82297,12521570.09
OGN-USDC,Origin Token,0.05796,12343223.79
OGN-USD,Origin Token,0.05796,12343223.79
SKL-USDC,SKALE,0.0209,12137627.3
SKL-USD,SKALE,0.0209,12137627.3
ALEPH-USD,Aleph Cloud,0.0588,11900912.2
ALEPH-USDC,Aleph Cloud,0.0588,11900912.2
FET-USDC,Artificial Superintelligence Alliance,0.7396,11840063.7
FET-USD,Artificial Superintelligence Alliance,0.7396,11840063.7
KARRAT-USDC,Karrat,0.0596,11593509.83
KARRAT-USD,Karrat,0.0596,11593509.83
ALGO-USDC,Algorand,0.1934,10265834.1
ALGO-USD,Algorand,0.1934,10265834.1
DOGE-USDT,Dogecoin,0.1901,10207010.4
HBAR-USDT,Hedera,0.16705,9542351.4
REZ-USD,Renzo,0.01111,9345458.0
REZ-USDC,Renzo,0.01111,9345458.0
SEI-USDC,Sei,0.1926,9218473.3
SEI-USD,Sei,0.1926,9218473.3
COTI-USD,COTI,0.059,8829067.8
COTI-USDC,COTI,0.059,8829067.8
ARB-USD,Arbitrum,0.3374,8740489.91
ARB-USDC,Arbitrum,0.3374,8740489.91
PROMPT-USD,Wayfinder,0.1916,8281709.4
PROMPT-USDC,Wayfinder,0.1916,8281709.4
USDC-EUR,USDC,0.882,8041012.75
ZK-USD,ZKsync,0.0524,7870891.3
ZK-USDC,ZKsync,0.0524,7870891.3
PIRATE-USDC,Pirate Nation Token,0.0523,7799235.7
PIRATE-USD,Pirate Nation Token,0.0523,7799235.7
CLV-USDC,Clover Finance,0.0254,7689466.63
CLV-USD,Clover Finance,0.0254,7689466.63
GODS-USD,Gods Unchained,0.14834,7663515.56
GODS-USDC,Gods Unchained,0.14834,7663515.56
L3-USDC,Layer3,0.04547,6976934.3
L3-USD,Layer3,0.04547,6976934.3
CELR-USDC,Celer Network,0.00807,6874570.0
CELR-USD,Celer Network,0.00807,6874570.0
EDGE-USDC,Definitive,0.09138,6821063.9
EDGE-USD,Definitive,0.09138,6821063.9
SUKU-USD,SUKU,0.031,6695917.9
SUKU-USDC,SUKU,0.031,6695917.9
CRV-USDC,Curve DAO Token,0.6673,6413843.27
CRV-USD,Curve DAO Token,0.6673,6413843.27
RARE-USDC,SuperRare,0.055,6396464.6
RARE-USD,SuperRare,0.055,6396464.6
AERO-USDC,Aerodrome Finance,0.51424,6362023.6
AERO-USD,Aerodrome Finance,0.51424,6362023.6
PYTH-USD,Pyth Network,0.1184,6358813.5
PYTH-USDC,Pyth Network,0.1184,6358813.5
DOGE-EUR,Dogecoin,0.1678,6315279.7
HONEY-USD,Hivemapper,0.025,6271443.5
HONEY-USDC,Hivemapper,0.025,6271443.5
AIOZ-USD,AIOZ Network,0.3753,5953247.5
AIOZ-USDC,AIOZ Network,0.3753,5953247.5
00-USDC,00 Token,0.017,5736200.02
00-USD,00 Token,0.017,5736200.02
DOGE-GBP,Dogecoin,0.1415,5370299.4
HFT-USD,Hashflow,0.0586,5349450.82
HFT-USDC,Hashflow,0.0586,5349450.82
SHDW-USD,Shadow Token,0.111,5234819.64
SHDW-USDC,Shadow Token,0.111,5234819.64
KERNEL-USD,KernelDAO,0.1481,5214733.31
KERNEL-USDC,KernelDAO,0.1481,5214733.31
IOTX-USD,IoTeX,0.02612,5009355.0
IOTX-USDC,IoTeX,0.02612,5009355.0
T-USD,Threshold,0.01481,4977753.0
T-USDC,Threshold,0.01481,4977753.0
FIDA-USDC,Bonfida,0.0701,4672415.89
FIDA-USD,Bonfida,0.0701,4672415.89
LRC-USDC,Loopring,0.0865,4420873.376757
LRC-USD,Loopring,0.0865,4420873.376757
VELO-USDC,Velodrome Finance,0.05119,4295334.8
VELO-USD,Velodrome Finance,0.05119,4295334.8
SAFE-USDC,Safe,0.5084,4201588.29
SAFE-USD,Safe,0.5084,4201588.29
OXT-USD,Orchid,0.0554,4194370.0
OXT-USDC,Orchid,0.0554,4194370.0
BIGTIME-USDC,Big Time,0.06285,4192748.0
BIGTIME-USD,Big Time,0.06285,4192748.0
GMT-USD,STEPN,0.0491,4104538.45
GMT-USDC,STEPN,0.0491,4104538.45
MATIC-USD,Polygon,0.2141,3846980.1
MATIC-USDC,Polygon,0.2141,3846980.1
POL-USD,Polygon Ecosystem Token,0.2139,3816698.51
POL-USDC,Polygon Ecosystem Token,0.2139,3816698.51
TRU-USD,TrueFi,0.0357,3623226.3
TRU-USDC,TrueFi,0.0357,3623226.3
TNSR-USD,Tensor,0.139,3398692.9
TNSR-USDC,Tensor,0.139,3398692.9
AUDIO-USD,Audius,0.0698,3395868.9
AUDIO-USDC,Audius,0.0698,3395868.9
HOPR-USD,HOPR,0.0471,3350002.2
HOPR-USDC,HOPR,0.0471,3350002.2
EOS-USD,EOS,0.6126,3265150.7
EOS-USDC,EOS,0.6126,3265150.7
IMX-USDC,Immutable,0.5477,3099731.08
IMX-USD,Immutable,0.5477,3099731.08
STRK-USD,Starknet Token,0.132,3035061.02
STRK-USDC,Starknet Token,0.132,3035061.02
EURC-USDC,EURC,1.1337,3030928.0
GRT-EUR,The Graph,0.0836,3005582.94
NEON-USD,Neon EVM,0.11552,2994855.17
NEON-USDC,Neon EVM,0.11552,2994855.17
IDEX-USDC,IDEX,0.0234,2815542.7
IDEX-USD,IDEX,0.0234,2815542.7
LPT-USD,Livepeer,8.88,2811174.457
LPT-USDC,Livepeer,8.88,2811174.457
STX-USDC,Stacks,0.73,2761027.82
STX-USD,Stacks,0.73,2761027.82
FORT-USDC,Forta,0.0675,2619498.01
FORT-USD,Forta,0.0675,2619498.01
BLZ-USD,Bluzelle,0.0381,2618868.3
BLZ-USDC,Bluzelle,0.0381,2618868.3
PRCL-USDC,Parcl,0.0944,2516064.0
PRCL-USD,Parcl,0.0944,2516064.0
KAITO-USDC,Kaito,1.902,2419249.3
KAITO-USD,Kaito,1.902,2419249.3
SYN-USDC,Synapse,0.167,2351369.51
SYN-USD,Synapse,0.167,2351369.51
A8-USD,Ancient8,0.1212,2341562.25
A8-USDC,Ancient8,0.1212,2341562.25
OP-USD,Optimism,0.65,2305353.39
OP-USDC,Optimism,0.65,2305353.39
BLUR-USDC,Blur,0.0883,2287656.0
BLUR-USD,Blur,0.0883,2287656.0
COW-USD,CoW Protocol,0.3696,2154930.8
COW-USDC,CoW Protocol,0.3696,2154930.8
USDC-GBP,USDC,0.7437,2143808.98
ADA-EUR,Cardano,0.598,2081693.82
BOBA-USDC,Boba Network,0.0926,1963525.1
BOBA-USD,Boba Network,0.0926,1963525.1
ALEO-USD,Aleo,0.183,1761527.17
ALEO-USDC,Aleo,0.183,1761527.17
SAND-USDC,The Sandbox,0.2705,1704501.73
SAND-USD,The Sandbox,0.2705,1704501.73
SUPER-USD,SuperVerse,0.66256,1701239.06
SUPER-USDC,SuperVerse,0.66256,1701239.06
NEAR-USDC,NEAR Protocol,2.413,1680534.784
NEAR-USD,NEAR Protocol,2.413,1680534.784
LCX-USD,LCX,0.1304,1628964.6
LCX-USDC,LCX,0.1304,1628964.6
CTSI-USD,Cartesi,0.0639,1613059.1
CTSI-USDC,Cartesi,0.0639,1613059.1
RENDER-USDC,Render,3.893,1595775.77
RENDER-USD,Render,3.893,1595775.77
ROSE-USDT,Oasis Network,0.0287,1561642.7
DNT-USDC,district0x,0.0272,1543342.0
DNT-USD,district0x,0.0272,1543342.0
MATH-USDC,MATH,0.12,1521766.0
MATH-USD,MATH,0.12,1521766.0
LDO-USD,Lido DAO Token,0.83,1513859.11
LDO-USDC,Lido DAO Token,0.83,1513859.11
CHZ-USD,Chiliz,0.039,1512044.9
CHZ-USDC,Chiliz,0.039,1512044.9
FET-USDT,Artificial Superintelligence Alliance,0.7398,1507656.4
AXL-USDC,Axelar,0.3168,1503691.0
AXL-USD,Axelar,0.3168,1503691.0
DOGE-BTC,Dogecoin,0.00000182,1476965.2
POND-USD,Marlin,0.0094,1472284.0
POND-USDC,Marlin,0.0094,1472284.0
ZRX-USDC,0x Protocol,0.234527,1456586.96305
ZRX-USD,0x Protocol,0.234527,1456586.96305
MAGIC-USD,MAGIC,0.1312,1427938.66
MAGIC-USDC,MAGIC,0.1312,1427938.66
SUSHI-USD,SushiSwap,0.6401,1400184.13
SUSHI-USDC,SushiSwap,0.6401,1400184.13
CVC-USDC,Civic,0.1229,1396604.4
CVC-USD,Civic,0.1229,1396604.4
MANA-USD,Decentraland,0.2712,1373762.5
MANA-USDC,Decentraland,0.2712,1373762.5
ALGO-EUR,Algorand,0.1706,1344588.0
MDT-USD,Measurable Data Token,0.0265,1300030.0
MDT-USDC,Measurable Data Token,0.0265,1300030.0
WLD-USD,Worldcoin,1.125,1204531.57
WLD-USDC,Worldcoin,1.125,1204531.57
GRT-GBP,The Graph,0.0705,1187017.39
UNI-USDC,Uniswap,5.974,1184750.289677
UNI-USD,Uniswap,5.974,1184750.289677
DRIFT-USDC,Drift Protocol,0.59,1156083.46
DRIFT-USD,Drift Protocol,0.59,1156083.46
USDT-GBP,Tether,0.7442,1105200.25
XRP-EUR,XRP,1.908,1095802.172295
PNG-USDC,Pangolin,0.16473,1080558.0
PNG-USD,Pangolin,0.16473,1080558.0
ALT-USDC,Altlayer,0.02695,1077856.0
ALT-USD,Altlayer,0.02695,1077856.0
RNDR-USD,Render (ERC-20),3.8887,1069509.46
RNDR-USDC,Render (ERC-20),3.8887,1069509.46
LRDS-USD,Blocklords,0.1622,1064094.77
LRDS-USDC,Blocklords,0.1622,1064094.77
DIMO-USD,DIMO,0.06264,1061913.1
DIMO-USDC,DIMO,0.06264,1061913.1
TRUMP-USD,OFFICIAL TRUMP,11.21,1060051.201
TRUMP-USDC,OFFICIAL TRUMP,11.21,1060051.201
TIA-USDC,Celestia,2.191,1049251.88
TIA-USD,Celestia,2.191,1049251.88
LINK-USD,Chainlink,13.864,1021851.2
LINK-USDC,Chainlink,13.864,1021851.2
USDT-EUR,Tether,0.88239,992472.23
MINA-USD,Mina,0.212,982648.487
MINA-USDC,Mina,0.212,982648.487
POLS-USD,Polkastarter,0.2152,945692.86
POLS-USDC,Polkastarter,0.2152,945692.86
ADA-GBP,Cardano,0.5052,938370.55
ORCA-USD,Orca,2.7694,919401.86
ORCA-USDC,Orca,2.7694,919401.86
BAT-USDC,Basic Attention Token,0.12849,861534.17
BAT-USD,Basic Attention Token,0.12849,861534.17
APE-USDC,ApeCoin,0.615,821295.21
APE-USD,ApeCoin,0.615,821295.21
PUNDIX-USD,Pundi X (New),0.3278,808689.41
PUNDIX-USDC,Pundi X (New),0.3278,808689.41
WCFG-USD,Wrapped Centrifuge,0.193,806424.69
WCFG-USDC,Wrapped Centrifuge,0.193,806424.69
DOT-USDC,Polkadot,4.068,801117.99649038
DOT-USD,Polkadot,4.068,801117.99649038
XRP-USDT,XRP,2.1626,771577.55668
EIGEN-USDC,EigenLayer,1.319,771341.49
EIGEN-USD,EigenLayer,1.319,771341.49
IO-USDC,io.net,0.812,733355.55
IO-USD,io.net,0.812,733355.55
C98-USDC,Coin98,0.0515,732291.52
C98-USD,Coin98,0.0515,732291.52
ICP-USD,Internet Computer,4.899,725132.4584
ICP-USDC,Internet Computer,4.899,725132.4584
MNDE-USDC,Marinade,0.11824,668249.4
MNDE-USD,Marinade,0.11824,668249.4
MATIC-EUR,Polygon,0.1886,640152.7
FIS-USD,StaFi,0.1516,607599.6
FIS-USDC,StaFi,0.1516,607599.6
RED-USDC,Redstone,0.3575,597662.61
RED-USD,Redstone,0.3575,597662.61
USDT-USDC,Tether,1.0005,593012.27
PERP-USDC,Perpetual Protocol,0.2437,583798.336
PERP-USD,Perpetual Protocol,0.2437,583798.336
ETHFI-USDC,ether.fi,1.126,577028.2
ETHFI-USD,ether.fi,1.126,577028.2
XLM-EUR,Stellar Lumens,0.234568,575608.0
SOL-USDC,Solana,154.81,561313.59220232
SOL-USD,Solana,154.81,561313.59220232
ZETA-USDC,Zetachain,0.2109,552851.0
ZETA-USD,Zetachain,0.2109,552851.0
FIL-USD,Filecoin,2.56,542137.776
FIL-USDC,Filecoin,2.56,542137.776
BERA-USD,Berachain,2.279,534975.88
BERA-USDC,Berachain,2.279,534975.88
ADA-USDT,Cardano,0.6779,529980.75
G-USD,Gravity,0.01286,516523.0
G-USDC,Gravity,0.01286,516523.0
ARKM-USD,Arkham,0.544,510760.61
ARKM-USDC,Arkham,0.544,510760.61
XTZ-USD,Tezos,0.568,471989.05
XTZ-USDC,Tezos,0.568,471989.05
KAVA-USDC,Kava,0.4161,455167.05
KAVA-USD,Kava,0.4161,455167.05
JASMY-USDT,Jasmy,0.01519,443104.0
LOKA-USD,League of Kingdoms Arena,0.0572,437683.91
LOKA-USDC,League of Kingdoms Arena,0.0572,437683.91
APT-USDC,Aptos,4.72,436510.233
APT-USD,Aptos,4.72,436510.233
APE-USDT,ApeCoin,0.614,434041.89
CGLD-USDC,Celo,0.325,433923.93
CGLD-USD,Celo,0.325,433923.93
PRO-USD,Propy,1.033,430004.49
PRO-USDC,Propy,1.033,430004.49
AKT-USDC,Akash Network,1.273,417549.93
AKT-USD,Akash Network,1.273,417549.93
CRV-EUR,Curve DAO Token,0.5883,411258.31
TRB-USDC,Tellor,40.76,406926.124
TRB-USD,Tellor,40.76,406926.124
DAI-USD,Dai,0.9999,395674.91829
DAI-USDC,Dai,0.9999,395674.91829
ACX-USD,Across Protocol,0.1899,382916.5
ACX-USDC,Across Protocol,0.1899,382916.5
JTO-USD,Jito,1.6437,382328.9
JTO-USDC,Jito,1.6437,382328.9
API3-USDC,Api3,0.688,381381.65
API3-USD,Api3,0.688,381381.65
SNX-USDC,Synthetix Network Token,0.681,366075.235
SNX-USD,Synthetix Network Token,0.681,366075.235
AURORA-USDC,Aurora,0.0831,364770.63
AURORA-USD,Aurora,0.0831,364770.63
CRO-EUR,Cronos,0.0903,347326.9
INJ-USD,Injective,11.909,344567.09
INJ-USDC,Injective,11.909,344567.09
BICO-USDC,BICONOMY (BICO),0.1019,343983.37
BICO-USD,BICONOMY (BICO),0.1019,343983.37
PRIME-USDC,Echelon Prime,3.021,342013.78
PRIME-USD,Echelon Prime,3.021,342013.78
DOT-EUR,Polkadot,3.59,280531.028
ATOM-USD,Cosmos,4.33,277735.22
ATOM-USDC,Cosmos,4.33,277735.22
CRO-USDT,Cronos,0.1031,275897.0
SEAM-USD,Seamless,0.4665,272249.9
SEAM-USDC,Seamless,0.4665,272249.9
MASK-USD,Mask Network,2.03,269284.44
MASK-USDC,Mask Network,2.03,269284.44
OCEAN-USD,Ocean Protocol,0.3463,268130.6
OCEAN-USDC,Ocean Protocol,0.3463,268130.6
LQTY-USDC,Liquity,0.8041,268059.37
LQTY-USD,Liquity,0.8041,268059.37
AVAX-USD,Avalanche,20.68,250999.88047767
AVAX-USDC,Avalanche,20.68,250999.88047767
HIGH-USDC,Highstreet,0.543,250873.24
HIGH-USD,Highstreet,0.543,250873.24
SAND-USDT,The Sandbox,0.2705,246488.06
1INCH-USDC,1inch,0.206,245762.22
1INCH-USD,1inch,0.206,245762.22
IP-USD,Story,4.132,237634.08
IP-USDC,Story,4.132,237634.08
UNI-GBP,Uniswap,4.44,221059.621
SD-USDC,Stader,0.5101,203102.95
SD-USD,Stader,0.5101,203102.95
DIA-USD,DIA,0.4135,197057.96
DIA-USDC,DIA,0.4135,197057.96
PYR-USDC,Vulcan Forged PYR,1.026,194880.96
PYR-USD,Vulcan Forged PYR,1.026,194880.96
PLU-USD,Pluton,0.69,191447.95
PLU-USDC,Pluton,0.69,191447.95
CVX-USD,Convex Finance,2.697,185379.025
CVX-USDC,Convex Finance,2.697,185379.025
REQ-USD,Request,0.1378,182801.0
REQ-USDC,Request,0.1378,182801.0
CHZ-EUR,Chiliz,0.0344,175767.8
MANA-EUR,Decentraland,0.239,175236.16
UMA-USD,UMA,1.076,172919.478
UMA-USDC,UMA,1.076,172919.478
OP-USDT,Optimism,0.652,171268.48
HNT-USDC,Helium,3.137,169469.72
HNT-USD,Helium,3.137,169469.72
GLM-USDC,Golem,0.2321,161302.1
GLM-USD,Golem,0.2321,161302.1
VVV-USDC,Venice Token,2.87,153017.665
VVV-USD,Venice Token,2.87,153017.665
MATIC-BTC,Polygon,0.00000205,143516.1
KNC-USDC,Kyber Network,0.3198,141420.1
KNC-USD,Kyber Network,0.3198,141420.1
TRAC-USDC,OriginTrail,0.4292,141416.4
TRAC-USD,OriginTrail,0.4292,141416.4
NMR-USDC,Numeraire,8.02,136896.013
NMR-USD,Numeraire,8.02,136896.013
PENDLE-USD,Pendle,3.958,135849.69
PENDLE-USDC,Pendle,3.958,135849.69
FORTH-USDC,Ampleforth Governance Token,2.3238,135075.336
FORTH-USD,Ampleforth Governance Token,2.3238,135075.336
ZRO-USD,LayerZero,2.26,135014.97
ZRO-USDC,LayerZero,2.26,135014.97
RONIN-USDC,Ronin,0.596,131516.98
RONIN-USD,Ronin,0.596,131516.98
GFI-USDC,Goldfinch Protocol,0.7971,130548.28
GFI-USD,Goldfinch Protocol,0.7971,130548.28
ALICE-USD,MyNeighborAlice,0.402,128858.4
ALICE-USDC,MyNeighborAlice,0.402,128858.4
AGLD-USDC,Adventure Gold,0.7826,127700.9
AGLD-USD,Adventure Gold,0.7826,127700.9
ABT-USD,Arcblock,0.8679,126917.1
ABT-USDC,Arcblock,0.8679,126917.1
RPL-USD,Rocket Pool,4.61,125290.733
RPL-USDC,Rocket Pool,4.61,125290.733
FLOW-USDC,Flow,0.363,119161.045
FLOW-USD,Flow,0.363,119161.045
GTC-USD,Gitcoin,0.26,118615.97
GTC-USDC,Gitcoin,0.26,118615.97
RLC-USDC,iExec RLC,1.013,117935.28
RLC-USD,iExec RLC,1.013,117935.28
WAXL-USD,Wrapped Axelar,0.3174,117532.97
WAXL-USDC,Wrapped Axelar,0.3174,117532.97
MORPHO-USDC,Morpho,1.3172,116126.05
MORPHO-USD,Morpho,1.3172,116126.05
ATOM-EUR,Cosmos,3.82,115239.961
ZETACHAIN-USD,Zetachain,0.2106,114769.98
ZETACHAIN-USDC,Zetachain,0.2106,114769.98
CHZ-GBP,Chiliz,0.029,104647.4
RARI-USDC,Rarible,1.05,103019.002
RARI-USD,Rarible,1.05,103019.002
ADA-BTC,Cardano,0.0000065,100303.89
POWR-USD,Powerledger,0.1585,96211.5
POWR-USDC,Powerledger,0.1585,96211.5
STORJ-USD,Storj,0.2605,95224.24
STORJ-USDC,Storj,0.2605,95224.24
GRT-BTC,The Graph,0.00000091,91843.42
ME-USDC,Magic Eden,0.804,89921.88
ME-USD,Magic Eden,0.804,89921.88
CRV-BTC,Curve DAO Token,0.0000064,89468.82
XLM-USDT,Stellar Lumens,0.2657,88760.6
ELA-USD,Elastos,1.454,88680.16
ELA-USDC,Elastos,1.454,88680.16
ANKR-EUR,Ankr,0.01404,87978.0
CORECHAIN-USDC,Core,0.69,85900.24
CORECHAIN-USD,Core,0.69,85900.24
APE-EUR,ApeCoin,0.542,85414.05
GMT-USDT,STEPN,0.0493,82395.69
LTC-USDC,Litecoin,87.14,81678.96750088
LTC-USD,Litecoin,87.14,81678.96750088
OSMO-USD,Osmosis,0.21,81567.87
OSMO-USDC,Osmosis,0.21,81567.87
BTRST-USDC,Braintrust,0.256,79373.67
BTRST-USD,Braintrust,0.256,79373.67
XLM-BTC,Stellar Lumens,0.00000254,78748.0
ERN-USDC,Ethernity Chain,1.4011,73819.505
ERN-USD,Ethernity Chain,1.4011,73819.505
BAL-USDC,Balancer,1.0432,73018.092
BAL-USD,Balancer,1.0432,73018.092
ZEN-USDC,Horizen,9.317,72052.075
ZEN-USD,Horizen,9.317,72052.075
MANTLE-USD,Mantle,0.6798,70487.39
MANTLE-USDC,Mantle,0.6798,70487.39
AXS-USD,Axie Infinity,2.51,70166.04
AXS-USDC,Axie Infinity,2.51,70166.04
ETC-USD,Ethereum Classic,16.85,68809.30993245
ETC-USDC,Ethereum Classic,16.85,68809.30993245
CTX-USD,Cryptex Finance,1.7391,62440.996
CTX-USDC,Cryptex Finance,1.7391,62440.996
BAT-EUR,Basic Attention Token,0.11352,61391.86
ANKR-GBP,Ankr,0.01179,60329.0
MLN-USDC,Enzyme,8.18,58293.744
MLN-USD,Enzyme,8.18,58293.744
MUSE-USDC,Muse,8.492,55357.263
MUSE-USD,Muse,8.492,55357.263
UNI-EUR,Uniswap,5.27,49402.732
RAD-USD,Radworks,0.68,47376.21
RAD-USDC,Radworks,0.68,47376.21
ETH-USDC,Ethereum,2514.55,44310.55896433
ETH-USD,Ethereum,2514.55,44310.55896433
STG-USD,Stargate Finance,0.1787,43681.7
STG-USDC,Stargate Finance,0.1787,43681.7
AUCTION-USDC,Bounce Token,10.36,43245.622
AUCTION-USD,Bounce Token,10.36,43245.622
CHZ-USDT,Chiliz,0.0387,43134.0
ICP-USDT,Internet Computer,4.901,42799.741
LINK-EUR,Chainlink,12.22,42475.72
MINA-USDT,Mina,0.21,40930.944
RNDR-USDT,Render (ERC-20),3.8961,40824.92
ENS-USDC,Ethereum Name Service,20.52,40705.644
ENS-USD,Ethereum Name Service,20.52,40705.644
NEAR-USDT,NEAR Protocol,2.419,37985.757
LINK-GBP,Chainlink,10.31,35454.14
AAVE-USDC,Aave,241.29,34085.479
AAVE-USD,Aave,241.29,34085.479
ALCX-USD,Alchemix,9.51,32249.3073
ALCX-USDC,Alchemix,9.51,32249.3073
BADGER-USDC,Badger DAO,1.07,30360.554
BADGER-USD,Badger DAO,1.07,30360.554
TAO-USD,Bittensor,430.18,30099.8493
TAO-USDC,Bittensor,430.18,30099.8493
CRV-GBP,Curve DAO Token,0.4916,29923.94
LINK-ETH,Chainlink,0.00551388,29730.92
MINA-EUR,Mina,0.186,29212.256
FARM-USD,Harvest Finance,31.22,29122.722
FARM-USDC,Harvest Finance,31.22,29122.722
QNT-USD,Quant,110.22,28949.844
QNT-USDC,Quant,110.22,28949.844
BAND-USDC,Band Protocol,0.643,28740.67
BAND-USD,Band Protocol,0.643,28740.67
MATIC-GBP,Polygon,0.1596,27084.7
AVAX-BTC,Avalanche,0.00019787,26154.408
1INCH-GBP,1inch,0.154,25720.39
ALGO-GBP,Algorand,0.1434,25337.0
BNT-USDC,Bancor Network Token,0.6329,25141.595124
BNT-USD,Bancor Network Token,0.6329,25141.595124
AAVE-EUR,Aave,212.76,24111.034
STX-USDT,Stacks,0.7281,23327.49
1INCH-EUR,1inch,0.182,22509.16
LRC-USDT,Loopring,0.0865,21828.12
CGLD-GBP,Celo,0.243,20975.28
AVAX-EUR,Avalanche,18.24,20766.357
AVT-USDC,Aventus,1.58,20221.05
AVT-USD,Aventus,1.58,20221.05
SOL-USDT,Solana,154.76,18785.937
SOL-EUR,Solana,136.6,18186.504
EGLD-USD,MultiversX,15.31,17402.491
EGLD-USDC,MultiversX,15.31,17402.491
SOL-BTC,Solana,0.0014823,17208.721
DOT-BTC,Polkadot,0.000039,16919.861
METIS-USD,Metis,17.38,16167.774
METIS-USDC,Metis,17.38,16167.774
GHST-USDC,Aavegotchi,0.402,15516.44
GHST-USD,Aavegotchi,0.402,15516.44
INDEX-USD,Index Cooperative,1.25,15225.541
INDEX-USDC,Index Cooperative,1.25,15225.541
OMNI-USDC,Omni Network,2.234,15125.84
OMNI-USD,Omni Network,2.234,15125.84
ADA-ETH,Cardano,0.000269,14871.21
BCH-USD,Bitcoin Cash,409.22,14581.67175577
BCH-USDC,Bitcoin Cash,409.22,14581.67175577
BAT-BTC,Basic Attention Token,0.00000123,14534.18
KRL-USD,Kryll,0.3416,12757.1
KRL-USDC,Kryll,0.3416,12757.1
AAVE-BTC,Aave,0.002309,12484.111
DEXT-USD,DEXTools,0.2988,11835.6
DEXT-USDC,DEXTools,0.2988,11835.6
DOT-USDT,Polkadot,4.07,11350.937
SNX-EUR,Synthetix Network Token,0.6,10837.726
DOT-GBP,Polkadot,3.03,10612.763
MATIC-USDT,Polygon,0.215,9747.54
XTZ-GBP,Tezos,0.422,9465.55
ETC-EUR,Ethereum Classic,14.88,9420.61580208
ICP-EUR,Internet Computer,4.303,9177.8407
UNI-BTC,Uniswap,0.0000573,8935.856617
ZEC-USD,Zcash,49.73,8919.23858
ZEC-USDC,Zcash,49.73,8919.23858
IMX-USDT,Immutable,0.5462,8459.49
FIL-EUR,Filecoin,2.26,8013.038
RNDR-EUR,Render (ERC-20),3.4317,7789.93
LINK-BTC,Chainlink,0.00013281,7782.89
AVAX-USDT,Avalanche,20.69,7702.571
COMP-USD,Compound,40.48,6995.66
COMP-USDC,Compound,40.48,6995.66
SOL-GBP,Solana,115.22,6915.948
LINK-USDT,Chainlink,13.85,6781.552
ATOM-BTC,Cosmos,0.0000416,6703.0
ILV-USDC,Illuvium,12.73,6415.4312
ILV-USD,Illuvium,12.73,6415.4312
LRC-BTC,Loopring,0.00000083,6197.0
KSM-USDC,Kusama,15.89,5928.6616
KSM-USD,Kusama,15.89,5928.6616
SNX-GBP,Synthetix Network Token,0.506,5749.707
FIL-GBP,Filecoin,1.91,5639.664
AAVE-GBP,Aave,179.43,5450.145
ICP-GBP,Internet Computer,3.619,5284.2276
FIL-BTC,Filecoin,0.00002451,5243.117
EOS-BTC,EOS,0.00000582,5179.2
AXS-USDT,Axie Infinity,2.508,5080.516
DASH-USD,Dash,21.86,4639.91721203
DASH-USDC,Dash,21.86,4639.91721203
ATOM-GBP,Cosmos,3.219,4558.963
APT-USDT,Aptos,4.71,4551.627
LTC-EUR,Litecoin,76.86,4083.92447033
ALGO-BTC,Algorand,0.00000186,3891.0
CLANKER-USDC,tokenbot,26.96,3849.3586
CLANKER-USD,tokenbot,26.96,3849.3586
ETH-USDT,Ethereum,2515.47,3781.71981185
ATOM-USDT,Cosmos,4.336,3721.233
ETH-EUR,Ethereum,2217.88,3422.46741329
MASK-USDT,Mask Network,2.04,3252.0
BCH-EUR,Bitcoin Cash,361.12,3211.96680294
AXS-EUR,Axie Infinity,2.22,2812.101
SOL-ETH,Solana,0.06152,2582.5277
CGLD-EUR,Celo,0.29,2559.75
LTC-GBP,Litecoin,64.76,2249.58138305
ETH-GBP,Ethereum,1870.76,2212.26562007
MASK-EUR,Mask Network,1.8,2169.81
ICP-BTC,Internet Computer,0.0000469,2094.9569
BTC-USD,Bitcoin,104483.51,2028.59816126
BTC-USDC,Bitcoin,104483.51,2028.59816126
ETH-BTC,Ethereum,0.02407,1894.93680894
XTZ-EUR,Tezos,0.51,1567.78
TIME-USDC,Chrono.tech,12.19,1439.724
TIME-USD,Chrono.tech,12.19,1439.724
MASK-GBP,Mask Network,1.525,1240.18
XTZ-BTC,Tezos,0.00000547,1136.02
INV-USDC,Inverse Finance,28.52,1011.4037
INV-USD,Inverse Finance,28.52,1011.4037
FLOW-USDT,Flow,0.365,712.768
BCH-BTC,Bitcoin Cash,0.003917,632.66677782
COMP-BTC,Compound,0.000387,556.878
MKR-USD,Maker,1572.18,468.655594
MKR-USDC,Maker,1572.18,468.655594
GNO-USDC,Gnosis,127.56,460.2352
GNO-USD,Gnosis,127.56,460.2352
ENS-EUR,Ethereum Name Service,18.47,450.007
AXS-BTC,Axie Infinity,0.0000241,392.903
LTC-BTC,Litecoin,0.000835,371.72138946
PAX-USDC,Paxos Standard,0.9941,368.22
PAX-USD,Paxos Standard,0.9941,368.22
ETC-GBP,Ethereum Classic,12.45,326.87554369
QNT-USDT,Quant,110.42,205.152
ENS-USDT,Ethereum Name Service,20.47,186.472
MSOL-USDC,Marinade Staked SOL,199.36,166.98
MSOL-USD,Marinade Staked SOL,199.36,166.98
CBETH-USD,Coinbase Wrapped Staked ETH,2764.16,115.56785
CBETH-USDC,Coinbase Wrapped Staked ETH,2764.16,115.56785
BAT-ETH,Basic Attention Token,0.00005132,115.0
BTC-EUR,Bitcoin,92136.05,114.7692373
ETH-DAI,Ethereum,2514.39,106.5235
SNX-BTC,Synthetix Network Token,0.0000064,93.5
BCH-GBP,Bitcoin Cash,304.84,74.65999211
BTC-GBP,Bitcoin,77713.89,74.09510141
EOS-EUR,EOS,0.54,58.1
BTC-USDT,Bitcoin,104474.53,55.30249906
CBETH-ETH,Coinbase Wrapped Staked ETH,1.10035,52.70444
YFI-USDC,yearn.finance,5230.41,42.96934
YFI-USD,yearn.finance,5230.41,42.96934
ETC-BTC,Ethereum Classic,0.000162,38.25796462
PAXG-USDC,PAX Gold,3301.65,30.1674
PAXG-USD,PAX Gold,3301.65,30.1674
DASH-BTC,Dash,0.000209,8.74
MANA-ETH,Decentraland,0.0001081,7.99
MKR-BTC,Maker,0.01492,2.326326
YFI-BTC,yearn.finance,0.0498,1.006471
LSETH-USDC,Liquid Staked ETH,2692.7,0.64769
LSETH-USD,Liquid Staked ETH,2692.7,0.64769
LSETH-ETH,Liquid Staked ETH,1.07875,0.0019
